SR-MMP:C(CC1CCC2C3CCC(C3CCC2C1)C4=CCOC4)OC5CCC(CO5)OC6CCC(CO6)OC7CCCCO7:9.SR-ARE:C(CC1CCC2C3CCC(C3CCC2C1)C4=CCOC4)OC5CCC(CO5)OC6CCC(CO6)OC7CCCCO7:0.NR-AhR:C(CC1CCC2C3CCC(C3CCC2C1)C4=CCOC4)OC5CCC(CO5)OC6CCC(CO6)OC7CCCCO7:0.NR-ER:C(CC1CCC2C3CCC(C3CCC2C1)C4=CCOC4)OC5CCC(CO5)OC6CCC(CO6)OC7CCCCO7:1.SR-p53:C(CC1CCC2C3CCC(C3CCC2C1)C4=CCOC4)OC5CCC(CO5)OC6CCC(CO6)OC7CCCCO7:6.NR-ER-LBD:C(CC1CCC2C3CCC(C3CCC2C1)C4=CCOC4)OC5CCC(CO5)OC6CCC(CO6)OC7CCCCO7:1.SR-HSE:C(CC1CCC2C3CCC(C3CCC2C1)C4=CCOC4)OC5CCC(CO5)OC6CCC(CO6)OC7CCCCO7:0.NR-AR:C(CC1CCC2C3CCC(C3CCC2C1)C4=CCOC4)OC5CCC(CO5)OC6CCC(CO6)OC7CCCCO7:0.NR-Aromatase:C(CC1CCC2C3CCC(C3CCC2C1)C4=CCOC4)OC5CCC(CO5)OC6CCC(CO6)OC7CCCCO7:3.SR-ATAD5:C(CC1CCC2C3CCC(C3CCC2C1)C4=CCOC4)OC5CCC(CO5)OC6CCC(CO6)OC7CCCCO7:0.NR-AR-LBD:C(CC1CCC2C3CCC(C3CCC2C1)C4=CCOC4)OC5CCC(CO5)OC6CCC(CO6)OC7CCCCO7:3.NR-PPAR-gamma:C(CC1CCC2C3CCC(C3CCC2C1)C4=CCOC4)OC5CCC(CO5)OC6CCC(CO6)OC7CCCCO7:1,12
SR-MMP:C1CC(C2CCC(CC12)C3CCC(CC3)OC4CCC(CO4)OC5CCC(CO5)OC6CCCCO6)C7=CCOC7:9.SR-ARE:C1CC(C2CCC(CC12)C3CCC(CC3)OC4CCC(CO4)OC5CCC(CO5)OC6CCCCO6)C7=CCOC7:0.NR-AhR:C1CC(C2CCC(CC12)C3CCC(CC3)OC4CCC(CO4)OC5CCC(CO5)OC6CCCCO6)C7=CCOC7:0.NR-ER:C1CC(C2CCC(CC12)C3CCC(CC3)OC4CCC(CO4)OC5CCC(CO5)OC6CCCCO6)C7=CCOC7:1.SR-p53:C1CC(C2CCC(CC12)C3CCC(CC3)OC4CCC(CO4)OC5CCC(CO5)OC6CCCCO6)C7=CCOC7:6.NR-ER-LBD:C1CC(C2CCC(CC12)C3CCC(CC3)OC4CCC(CO4)OC5CCC(CO5)OC6CCCCO6)C7=CCOC7:1.SR-HSE:C1CC(C2CCC(CC12)C3CCC(CC3)OC4CCC(CO4)OC5CCC(CO5)OC6CCCCO6)C7=CCOC7:0.NR-AR:C1CC(C2CCC(CC12)C3CCC(CC3)OC4CCC(CO4)OC5CCC(CO5)OC6CCCCO6)C7=CCOC7:0.NR-Aromatase:C1CC(C2CCC(CC12)C3CCC(CC3)OC4CCC(CO4)OC5CCC(CO5)OC6CCCCO6)C7=CCOC7:3.SR-ATAD5:C1CC(C2CCC(CC12)C3CCC(CC3)OC4CCC(CO4)OC5CCC(CO5)OC6CCCCO6)C7=CCOC7:0.NR-AR-LBD:C1CC(C2CCC(CC12)C3CCC(CC3)OC4CCC(CO4)OC5CCC(CO5)OC6CCCCO6)C7=CCOC7:3.NR-PPAR-gamma:C1CC(C2CCC(CC12)C3CCC(CC3)OC4CCC(CO4)OC5CCC(CO5)OC6CCCCO6)C7=CCOC7:1,12
SR-MMP:C1CC(CC1C2CCC3CC(CCC3C2)OC4CCC(CO4)OC5CCC(CO5)OC6CCCCO6)C7=CCOC7:9.SR-ARE:C1CC(CC1C2CCC3CC(CCC3C2)OC4CCC(CO4)OC5CCC(CO5)OC6CCCCO6)C7=CCOC7:0.NR-AhR:C1CC(CC1C2CCC3CC(CCC3C2)OC4CCC(CO4)OC5CCC(CO5)OC6CCCCO6)C7=CCOC7:0.NR-ER:C1CC(CC1C2CCC3CC(CCC3C2)OC4CCC(CO4)OC5CCC(CO5)OC6CCCCO6)C7=CCOC7:1.SR-p53:C1CC(CC1C2CCC3CC(CCC3C2)OC4CCC(CO4)OC5CCC(CO5)OC6CCCCO6)C7=CCOC7:6.NR-ER-LBD:C1CC(CC1C2CCC3CC(CCC3C2)OC4CCC(CO4)OC5CCC(CO5)OC6CCCCO6)C7=CCOC7:1.SR-HSE:C1CC(CC1C2CCC3CC(CCC3C2)OC4CCC(CO4)OC5CCC(CO5)OC6CCCCO6)C7=CCOC7:0.NR-AR:C1CC(CC1C2CCC3CC(CCC3C2)OC4CCC(CO4)OC5CCC(CO5)OC6CCCCO6)C7=CCOC7:0.NR-Aromatase:C1CC(CC1C2CCC3CC(CCC3C2)OC4CCC(CO4)OC5CCC(CO5)OC6CCCCO6)C7=CCOC7:3.SR-ATAD5:C1CC(CC1C2CCC3CC(CCC3C2)OC4CCC(CO4)OC5CCC(CO5)OC6CCCCO6)C7=CCOC7:0.NR-AR-LBD:C1CC(CC1C2CCC3CC(CCC3C2)OC4CCC(CO4)OC5CCC(CO5)OC6CCCCO6)C7=CCOC7:3.NR-PPAR-gamma:C1CC(CC1C2CCC3CC(CCC3C2)OC4CCC(CO4)OC5CCC(CO5)OC6CCCCO6)C7=CCOC7:1,12
SR-MMP:C(C1CCC2C(CCC3CC(CCC23)OC4CCC(CO4)OC5CCC(CO5)OC6CCCCO6)C1)C7=CCOC7:9.SR-ARE:C(C1CCC2C(CCC3CC(CCC23)OC4CCC(CO4)OC5CCC(CO5)OC6CCCCO6)C1)C7=CCOC7:0.NR-AhR:C(C1CCC2C(CCC3CC(CCC23)OC4CCC(CO4)OC5CCC(CO5)OC6CCCCO6)C1)C7=CCOC7:0.NR-ER:C(C1CCC2C(CCC3CC(CCC23)OC4CCC(CO4)OC5CCC(CO5)OC6CCCCO6)C1)C7=CCOC7:1.SR-p53:C(C1CCC2C(CCC3CC(CCC23)OC4CCC(CO4)OC5CCC(CO5)OC6CCCCO6)C1)C7=CCOC7:6.NR-ER-LBD:C(C1CCC2C(CCC3CC(CCC23)OC4CCC(CO4)OC5CCC(CO5)OC6CCCCO6)C1)C7=CCOC7:1.SR-HSE:C(C1CCC2C(CCC3CC(CCC23)OC4CCC(CO4)OC5CCC(CO5)OC6CCCCO6)C1)C7=CCOC7:0.NR-AR:C(C1CCC2C(CCC3CC(CCC23)OC4CCC(CO4)OC5CCC(CO5)OC6CCCCO6)C1)C7=CCOC7:0.NR-Aromatase:C(C1CCC2C(CCC3CC(CCC23)OC4CCC(CO4)OC5CCC(CO5)OC6CCCCO6)C1)C7=CCOC7:3.SR-ATAD5:C(C1CCC2C(CCC3CC(CCC23)OC4CCC(CO4)OC5CCC(CO5)OC6CCCCO6)C1)C7=CCOC7:0.NR-AR-LBD:C(C1CCC2C(CCC3CC(CCC23)OC4CCC(CO4)OC5CCC(CO5)OC6CCCCO6)C1)C7=CCOC7:3.NR-PPAR-gamma:C(C1CCC2C(CCC3CC(CCC23)OC4CCC(CO4)OC5CCC(CO5)OC6CCCCO6)C1)C7=CCOC7:1,12
SR-MMP:C1CC(C2CCC3C(CCC4CC(CCC34)OC5CCC(CO5)OC6CCCCO6)C12)C7=CCOC7:9.SR-ARE:C1CC(C2CCC3C(CCC4CC(CCC34)OC5CCC(CO5)OC6CCCCO6)C12)C7=CCOC7:0.NR-AhR:C1CC(C2CCC3C(CCC4CC(CCC34)OC5CCC(CO5)OC6CCCCO6)C12)C7=CCOC7:0.NR-ER:C1CC(C2CCC3C(CCC4CC(CCC34)OC5CCC(CO5)OC6CCCCO6)C12)C7=CCOC7:1.SR-p53:C1CC(C2CCC3C(CCC4CC(CCC34)OC5CCC(CO5)OC6CCCCO6)C12)C7=CCOC7:6.NR-ER-LBD:C1CC(C2CCC3C(CCC4CC(CCC34)OC5CCC(CO5)OC6CCCCO6)C12)C7=CCOC7:1.SR-HSE:C1CC(C2CCC3C(CCC4CC(CCC34)OC5CCC(CO5)OC6CCCCO6)C12)C7=CCOC7:0.NR-AR:C1CC(C2CCC3C(CCC4CC(CCC34)OC5CCC(CO5)OC6CCCCO6)C12)C7=CCOC7:0.NR-Aromatase:C1CC(C2CCC3C(CCC4CC(CCC34)OC5CCC(CO5)OC6CCCCO6)C12)C7=CCOC7:3.SR-ATAD5:C1CC(C2CCC3C(CCC4CC(CCC34)OC5CCC(CO5)OC6CCCCO6)C12)C7=CCOC7:0.NR-AR-LBD:C1CC(C2CCC3C(CCC4CC(CCC34)OC5CCC(CO5)OC6CCCCO6)C12)C7=CCOC7:3.NR-PPAR-gamma:C1CC(C2CCC3C(CCC4CC(CCC34)OC5CCC(CO5)OC6CCCCO6)C12)C7=CCOC7:1,12
SR-MMP:C1CC2CCC(CC2C1)C3CCC(CC3)OC4CCC(CO4)OC5CCC(CO5)OC6CCCCO6:9.SR-ARE:C1CC2CCC(CC2C1)C3CCC(CC3)OC4CCC(CO4)OC5CCC(CO5)OC6CCCCO6:0.NR-AhR:C1CC2CCC(CC2C1)C3CCC(CC3)OC4CCC(CO4)OC5CCC(CO5)OC6CCCCO6:0.NR-ER:C1CC2CCC(CC2C1)C3CCC(CC3)OC4CCC(CO4)OC5CCC(CO5)OC6CCCCO6:1.SR-p53:C1CC2CCC(CC2C1)C3CCC(CC3)OC4CCC(CO4)OC5CCC(CO5)OC6CCCCO6:6.NR-ER-LBD:C1CC2CCC(CC2C1)C3CCC(CC3)OC4CCC(CO4)OC5CCC(CO5)OC6CCCCO6:1.SR-HSE:C1CC2CCC(CC2C1)C3CCC(CC3)OC4CCC(CO4)OC5CCC(CO5)OC6CCCCO6:0.NR-AR:C1CC2CCC(CC2C1)C3CCC(CC3)OC4CCC(CO4)OC5CCC(CO5)OC6CCCCO6:0.NR-Aromatase:C1CC2CCC(CC2C1)C3CCC(CC3)OC4CCC(CO4)OC5CCC(CO5)OC6CCCCO6:3.SR-ATAD5:C1CC2CCC(CC2C1)C3CCC(CC3)OC4CCC(CO4)OC5CCC(CO5)OC6CCCCO6:0.NR-AR-LBD:C1CC2CCC(CC2C1)C3CCC(CC3)OC4CCC(CO4)OC5CCC(CO5)OC6CCCCO6:3.NR-PPAR-gamma:C1CC2CCC(CC2C1)C3CCC(CC3)OC4CCC(CO4)OC5CCC(CO5)OC6CCCCO6:1,12
SR-MMP:C(CC1CCC(CC1)OC2CCC(CO2)OC3CCC(CO3)OC4CCCCO4)C5CCC(C5)C6=CCOC6:9.SR-ARE:C(CC1CCC(CC1)OC2CCC(CO2)OC3CCC(CO3)OC4CCCCO4)C5CCC(C5)C6=CCOC6:0.NR-AhR:C(CC1CCC(CC1)OC2CCC(CO2)OC3CCC(CO3)OC4CCCCO4)C5CCC(C5)C6=CCOC6:0.NR-ER:C(CC1CCC(CC1)OC2CCC(CO2)OC3CCC(CO3)OC4CCCCO4)C5CCC(C5)C6=CCOC6:1.SR-p53:C(CC1CCC(CC1)OC2CCC(CO2)OC3CCC(CO3)OC4CCCCO4)C5CCC(C5)C6=CCOC6:6.NR-ER-LBD:C(CC1CCC(CC1)OC2CCC(CO2)OC3CCC(CO3)OC4CCCCO4)C5CCC(C5)C6=CCOC6:1.SR-HSE:C(CC1CCC(CC1)OC2CCC(CO2)OC3CCC(CO3)OC4CCCCO4)C5CCC(C5)C6=CCOC6:0.NR-AR:C(CC1CCC(CC1)OC2CCC(CO2)OC3CCC(CO3)OC4CCCCO4)C5CCC(C5)C6=CCOC6:0.NR-Aromatase:C(CC1CCC(CC1)OC2CCC(CO2)OC3CCC(CO3)OC4CCCCO4)C5CCC(C5)C6=CCOC6:3.SR-ATAD5:C(CC1CCC(CC1)OC2CCC(CO2)OC3CCC(CO3)OC4CCCCO4)C5CCC(C5)C6=CCOC6:0.NR-AR-LBD:C(CC1CCC(CC1)OC2CCC(CO2)OC3CCC(CO3)OC4CCCCO4)C5CCC(C5)C6=CCOC6:3.NR-PPAR-gamma:C(CC1CCC(CC1)OC2CCC(CO2)OC3CCC(CO3)OC4CCCCO4)C5CCC(C5)C6=CCOC6:1,12
SR-MMP:O=C1OCC(CC2CCC3C(CCC4CC(CCC34)OC5CCC(CO5)OC6CCCCO6)C2)=C1:9.SR-ARE:O=C1OCC(CC2CCC3C(CCC4CC(CCC34)OC5CCC(CO5)OC6CCCCO6)C2)=C1:0.NR-AhR:O=C1OCC(CC2CCC3C(CCC4CC(CCC34)OC5CCC(CO5)OC6CCCCO6)C2)=C1:0.NR-ER:O=C1OCC(CC2CCC3C(CCC4CC(CCC34)OC5CCC(CO5)OC6CCCCO6)C2)=C1:1.SR-p53:O=C1OCC(CC2CCC3C(CCC4CC(CCC34)OC5CCC(CO5)OC6CCCCO6)C2)=C1:6.NR-ER-LBD:O=C1OCC(CC2CCC3C(CCC4CC(CCC34)OC5CCC(CO5)OC6CCCCO6)C2)=C1:1.SR-HSE:O=C1OCC(CC2CCC3C(CCC4CC(CCC34)OC5CCC(CO5)OC6CCCCO6)C2)=C1:0.NR-AR:O=C1OCC(CC2CCC3C(CCC4CC(CCC34)OC5CCC(CO5)OC6CCCCO6)C2)=C1:0.NR-Aromatase:O=C1OCC(CC2CCC3C(CCC4CC(CCC34)OC5CCC(CO5)OC6CCCCO6)C2)=C1:3.SR-ATAD5:O=C1OCC(CC2CCC3C(CCC4CC(CCC34)OC5CCC(CO5)OC6CCCCO6)C2)=C1:0.NR-AR-LBD:O=C1OCC(CC2CCC3C(CCC4CC(CCC34)OC5CCC(CO5)OC6CCCCO6)C2)=C1:3.NR-PPAR-gamma:O=C1OCC(CC2CCC3C(CCC4CC(CCC34)OC5CCC(CO5)OC6CCCCO6)C2)=C1:1,12
SR-MMP:C(C1CCC(CC1)C2CCC(CC2)OC3CCC(CO3)OC4CCC(CO4)OC5CCCCO5)C6=CCOC6:9.SR-ARE:C(C1CCC(CC1)C2CCC(CC2)OC3CCC(CO3)OC4CCC(CO4)OC5CCCCO5)C6=CCOC6:0.NR-AhR:C(C1CCC(CC1)C2CCC(CC2)OC3CCC(CO3)OC4CCC(CO4)OC5CCCCO5)C6=CCOC6:0.NR-ER:C(C1CCC(CC1)C2CCC(CC2)OC3CCC(CO3)OC4CCC(CO4)OC5CCCCO5)C6=CCOC6:1.SR-p53:C(C1CCC(CC1)C2CCC(CC2)OC3CCC(CO3)OC4CCC(CO4)OC5CCCCO5)C6=CCOC6:6.NR-ER-LBD:C(C1CCC(CC1)C2CCC(CC2)OC3CCC(CO3)OC4CCC(CO4)OC5CCCCO5)C6=CCOC6:1.SR-HSE:C(C1CCC(CC1)C2CCC(CC2)OC3CCC(CO3)OC4CCC(CO4)OC5CCCCO5)C6=CCOC6:0.NR-AR:C(C1CCC(CC1)C2CCC(CC2)OC3CCC(CO3)OC4CCC(CO4)OC5CCCCO5)C6=CCOC6:0.NR-Aromatase:C(C1CCC(CC1)C2CCC(CC2)OC3CCC(CO3)OC4CCC(CO4)OC5CCCCO5)C6=CCOC6:3.SR-ATAD5:C(C1CCC(CC1)C2CCC(CC2)OC3CCC(CO3)OC4CCC(CO4)OC5CCCCO5)C6=CCOC6:0.NR-AR-LBD:C(C1CCC(CC1)C2CCC(CC2)OC3CCC(CO3)OC4CCC(CO4)OC5CCCCO5)C6=CCOC6:3.NR-PPAR-gamma:C(C1CCC(CC1)C2CCC(CC2)OC3CCC(CO3)OC4CCC(CO4)OC5CCCCO5)C6=CCOC6:1,12
SR-MMP:C1CC=C2C(CC3=CNC4=C3C2=CC=C4)N1:5.SR-ARE:C1CC=C2C(CC3=CNC4=C3C2=CC=C4)N1:1.NR-AhR:C1CC=C2C(CC3=CNC4=C3C2=CC=C4)N1:3.NR-ER:C1CC=C2C(CC3=CNC4=C3C2=CC=C4)N1:1.SR-p53:C1CC=C2C(CC3=CNC4=C3C2=CC=C4)N1:0.NR-ER-LBD:C1CC=C2C(CC3=CNC4=C3C2=CC=C4)N1:1.SR-HSE:C1CC=C2C(CC3=CNC4=C3C2=CC=C4)N1:0.NR-AR:C1CC=C2C(CC3=CNC4=C3C2=CC=C4)N1:1.NR-Aromatase:C1CC=C2C(CC3=CNC4=C3C2=CC=C4)N1:1.SR-ATAD5:C1CC=C2C(CC3=CNC4=C3C2=CC=C4)N1:0.NR-AR-LBD:C1CC=C2C(CC3=CNC4=C3C2=CC=C4)N1:1.NR-PPAR-gamma:C1CC=C2C(CC3=CNC4=C3C2=CC=C4)N1:0,11
SR-MMP:C1CCC2CN3CCC4=C(NC5=C4C=CC=C5)C3CC2C1:2.SR-ARE:C1CCC2CN3CCC4=C(NC5=C4C=CC=C5)C3CC2C1:0.NR-AhR:C1CCC2CN3CCC4=C(NC5=C4C=CC=C5)C3CC2C1:5.NR-ER:C1CCC2CN3CCC4=C(NC5=C4C=CC=C5)C3CC2C1:0.SR-p53:C1CCC2CN3CCC4=C(NC5=C4C=CC=C5)C3CC2C1:0.NR-ER-LBD:C1CCC2CN3CCC4=C(NC5=C4C=CC=C5)C3CC2C1:1.SR-HSE:C1CCC2CN3CCC4=C(NC5=C4C=CC=C5)C3CC2C1:0.NR-AR:C1CCC2CN3CCC4=C(NC5=C4C=CC=C5)C3CC2C1:0.NR-Aromatase:C1CCC2CN3CCC4=C(NC5=C4C=CC=C5)C3CC2C1:1.SR-ATAD5:C1CCC2CN3CCC4=C(NC5=C4C=CC=C5)C3CC2C1:0.NR-AR-LBD:C1CCC2CN3CCC4=C(NC5=C4C=CC=C5)C3CC2C1:0.NR-PPAR-gamma:C1CCC2CN3CCC4=C(NC5=C4C=CC=C5)C3CC2C1:0,11
SR-MMP:C(CC1CCC2CC(CCC2C1)OC3CCC(CO3)OC4CCC(CO4)OC5CCCCO5)CC6=CCOC6:9.SR-ARE:C(CC1CCC2CC(CCC2C1)OC3CCC(CO3)OC4CCC(CO4)OC5CCCCO5)CC6=CCOC6:0.NR-AhR:C(CC1CCC2CC(CCC2C1)OC3CCC(CO3)OC4CCC(CO4)OC5CCCCO5)CC6=CCOC6:0.NR-ER:C(CC1CCC2CC(CCC2C1)OC3CCC(CO3)OC4CCC(CO4)OC5CCCCO5)CC6=CCOC6:1.SR-p53:C(CC1CCC2CC(CCC2C1)OC3CCC(CO3)OC4CCC(CO4)OC5CCCCO5)CC6=CCOC6:6.NR-ER-LBD:C(CC1CCC2CC(CCC2C1)OC3CCC(CO3)OC4CCC(CO4)OC5CCCCO5)CC6=CCOC6:1.SR-HSE:C(CC1CCC2CC(CCC2C1)OC3CCC(CO3)OC4CCC(CO4)OC5CCCCO5)CC6=CCOC6:0.NR-AR:C(CC1CCC2CC(CCC2C1)OC3CCC(CO3)OC4CCC(CO4)OC5CCCCO5)CC6=CCOC6:0.NR-Aromatase:C(CC1CCC2CC(CCC2C1)OC3CCC(CO3)OC4CCC(CO4)OC5CCCCO5)CC6=CCOC6:3.SR-ATAD5:C(CC1CCC2CC(CCC2C1)OC3CCC(CO3)OC4CCC(CO4)OC5CCCCO5)CC6=CCOC6:0.NR-AR-LBD:C(CC1CCC2CC(CCC2C1)OC3CCC(CO3)OC4CCC(CO4)OC5CCCCO5)CC6=CCOC6:3.NR-PPAR-gamma:C(CC1CCC2CC(CCC2C1)OC3CCC(CO3)OC4CCC(CO4)OC5CCCCO5)CC6=CCOC6:1,12
SR-MMP:C1CC(CC1C2CCC3CC(CCC3C2)OC4CCC(CO4)OC5CCCCO5)C6=CCOC6:9.SR-ARE:C1CC(CC1C2CCC3CC(CCC3C2)OC4CCC(CO4)OC5CCCCO5)C6=CCOC6:0.NR-AhR:C1CC(CC1C2CCC3CC(CCC3C2)OC4CCC(CO4)OC5CCCCO5)C6=CCOC6:0.NR-ER:C1CC(CC1C2CCC3CC(CCC3C2)OC4CCC(CO4)OC5CCCCO5)C6=CCOC6:1.SR-p53:C1CC(CC1C2CCC3CC(CCC3C2)OC4CCC(CO4)OC5CCCCO5)C6=CCOC6:6.NR-ER-LBD:C1CC(CC1C2CCC3CC(CCC3C2)OC4CCC(CO4)OC5CCCCO5)C6=CCOC6:1.SR-HSE:C1CC(CC1C2CCC3CC(CCC3C2)OC4CCC(CO4)OC5CCCCO5)C6=CCOC6:0.NR-AR:C1CC(CC1C2CCC3CC(CCC3C2)OC4CCC(CO4)OC5CCCCO5)C6=CCOC6:0.NR-Aromatase:C1CC(CC1C2CCC3CC(CCC3C2)OC4CCC(CO4)OC5CCCCO5)C6=CCOC6:3.SR-ATAD5:C1CC(CC1C2CCC3CC(CCC3C2)OC4CCC(CO4)OC5CCCCO5)C6=CCOC6:0.NR-AR-LBD:C1CC(CC1C2CCC3CC(CCC3C2)OC4CCC(CO4)OC5CCCCO5)C6=CCOC6:3.NR-PPAR-gamma:C1CC(CC1C2CCC3CC(CCC3C2)OC4CCC(CO4)OC5CCCCO5)C6=CCOC6:1,12
SR-MMP:C(CC1CCC2CC(CC3=CCOC3)CCC2C1)OC4CCC(CO4)OC5CCC(CO5)OC6CCCCO6:9.SR-ARE:C(CC1CCC2CC(CC3=CCOC3)CCC2C1)OC4CCC(CO4)OC5CCC(CO5)OC6CCCCO6:0.NR-AhR:C(CC1CCC2CC(CC3=CCOC3)CCC2C1)OC4CCC(CO4)OC5CCC(CO5)OC6CCCCO6:0.NR-ER:C(CC1CCC2CC(CC3=CCOC3)CCC2C1)OC4CCC(CO4)OC5CCC(CO5)OC6CCCCO6:1.SR-p53:C(CC1CCC2CC(CC3=CCOC3)CCC2C1)OC4CCC(CO4)OC5CCC(CO5)OC6CCCCO6:6.NR-ER-LBD:C(CC1CCC2CC(CC3=CCOC3)CCC2C1)OC4CCC(CO4)OC5CCC(CO5)OC6CCCCO6:1.SR-HSE:C(CC1CCC2CC(CC3=CCOC3)CCC2C1)OC4CCC(CO4)OC5CCC(CO5)OC6CCCCO6:0.NR-AR:C(CC1CCC2CC(CC3=CCOC3)CCC2C1)OC4CCC(CO4)OC5CCC(CO5)OC6CCCCO6:0.NR-Aromatase:C(CC1CCC2CC(CC3=CCOC3)CCC2C1)OC4CCC(CO4)OC5CCC(CO5)OC6CCCCO6:3.SR-ATAD5:C(CC1CCC2CC(CC3=CCOC3)CCC2C1)OC4CCC(CO4)OC5CCC(CO5)OC6CCCCO6:0.NR-AR-LBD:C(CC1CCC2CC(CC3=CCOC3)CCC2C1)OC4CCC(CO4)OC5CCC(CO5)OC6CCCCO6:3.NR-PPAR-gamma:C(CC1CCC2CC(CC3=CCOC3)CCC2C1)OC4CCC(CO4)OC5CCC(CO5)OC6CCCCO6:1,12
SR-MMP:C1CCC(OC2CCC(OC3CCC(OC4CCC5C(CCC6CCCCC56)C4)OC3)OC2)OC1:9.SR-ARE:C1CCC(OC2CCC(OC3CCC(OC4CCC5C(CCC6CCCCC56)C4)OC3)OC2)OC1:0.NR-AhR:C1CCC(OC2CCC(OC3CCC(OC4CCC5C(CCC6CCCCC56)C4)OC3)OC2)OC1:0.NR-ER:C1CCC(OC2CCC(OC3CCC(OC4CCC5C(CCC6CCCCC56)C4)OC3)OC2)OC1:1.SR-p53:C1CCC(OC2CCC(OC3CCC(OC4CCC5C(CCC6CCCCC56)C4)OC3)OC2)OC1:6.NR-ER-LBD:C1CCC(OC2CCC(OC3CCC(OC4CCC5C(CCC6CCCCC56)C4)OC3)OC2)OC1:1.SR-HSE:C1CCC(OC2CCC(OC3CCC(OC4CCC5C(CCC6CCCCC56)C4)OC3)OC2)OC1:0.NR-AR:C1CCC(OC2CCC(OC3CCC(OC4CCC5C(CCC6CCCCC56)C4)OC3)OC2)OC1:0.NR-Aromatase:C1CCC(OC2CCC(OC3CCC(OC4CCC5C(CCC6CCCCC56)C4)OC3)OC2)OC1:3.SR-ATAD5:C1CCC(OC2CCC(OC3CCC(OC4CCC5C(CCC6CCCCC56)C4)OC3)OC2)OC1:0.NR-AR-LBD:C1CCC(OC2CCC(OC3CCC(OC4CCC5C(CCC6CCCCC56)C4)OC3)OC2)OC1:3.NR-PPAR-gamma:C1CCC(OC2CCC(OC3CCC(OC4CCC5C(CCC6CCCCC56)C4)OC3)OC2)OC1:1,12
SR-MMP:C(CC1CCC(CC1)C2CCC(C2)C3=CCOC3)OC4CCC(CO4)OC5CCC(CO5)OC6CCCCO6:9.SR-ARE:C(CC1CCC(CC1)C2CCC(C2)C3=CCOC3)OC4CCC(CO4)OC5CCC(CO5)OC6CCCCO6:0.NR-AhR:C(CC1CCC(CC1)C2CCC(C2)C3=CCOC3)OC4CCC(CO4)OC5CCC(CO5)OC6CCCCO6:0.NR-ER:C(CC1CCC(CC1)C2CCC(C2)C3=CCOC3)OC4CCC(CO4)OC5CCC(CO5)OC6CCCCO6:1.SR-p53:C(CC1CCC(CC1)C2CCC(C2)C3=CCOC3)OC4CCC(CO4)OC5CCC(CO5)OC6CCCCO6:6.NR-ER-LBD:C(CC1CCC(CC1)C2CCC(C2)C3=CCOC3)OC4CCC(CO4)OC5CCC(CO5)OC6CCCCO6:1.SR-HSE:C(CC1CCC(CC1)C2CCC(C2)C3=CCOC3)OC4CCC(CO4)OC5CCC(CO5)OC6CCCCO6:0.NR-AR:C(CC1CCC(CC1)C2CCC(C2)C3=CCOC3)OC4CCC(CO4)OC5CCC(CO5)OC6CCCCO6:0.NR-Aromatase:C(CC1CCC(CC1)C2CCC(C2)C3=CCOC3)OC4CCC(CO4)OC5CCC(CO5)OC6CCCCO6:3.SR-ATAD5:C(CC1CCC(CC1)C2CCC(C2)C3=CCOC3)OC4CCC(CO4)OC5CCC(CO5)OC6CCCCO6:0.NR-AR-LBD:C(CC1CCC(CC1)C2CCC(C2)C3=CCOC3)OC4CCC(CO4)OC5CCC(CO5)OC6CCCCO6:3.NR-PPAR-gamma:C(CC1CCC(CC1)C2CCC(C2)C3=CCOC3)OC4CCC(CO4)OC5CCC(CO5)OC6CCCCO6:1,12
SR-MMP:C1CC(C2CCC(CC12)C3CCC(CC3)OC4CCC(CO4)OC5CCCCO5)C6=CCOC6:9.SR-ARE:C1CC(C2CCC(CC12)C3CCC(CC3)OC4CCC(CO4)OC5CCCCO5)C6=CCOC6:0.NR-AhR:C1CC(C2CCC(CC12)C3CCC(CC3)OC4CCC(CO4)OC5CCCCO5)C6=CCOC6:0.NR-ER:C1CC(C2CCC(CC12)C3CCC(CC3)OC4CCC(CO4)OC5CCCCO5)C6=CCOC6:1.SR-p53:C1CC(C2CCC(CC12)C3CCC(CC3)OC4CCC(CO4)OC5CCCCO5)C6=CCOC6:6.NR-ER-LBD:C1CC(C2CCC(CC12)C3CCC(CC3)OC4CCC(CO4)OC5CCCCO5)C6=CCOC6:1.SR-HSE:C1CC(C2CCC(CC12)C3CCC(CC3)OC4CCC(CO4)OC5CCCCO5)C6=CCOC6:0.NR-AR:C1CC(C2CCC(CC12)C3CCC(CC3)OC4CCC(CO4)OC5CCCCO5)C6=CCOC6:0.NR-Aromatase:C1CC(C2CCC(CC12)C3CCC(CC3)OC4CCC(CO4)OC5CCCCO5)C6=CCOC6:3.SR-ATAD5:C1CC(C2CCC(CC12)C3CCC(CC3)OC4CCC(CO4)OC5CCCCO5)C6=CCOC6:0.NR-AR-LBD:C1CC(C2CCC(CC12)C3CCC(CC3)OC4CCC(CO4)OC5CCCCO5)C6=CCOC6:3.NR-PPAR-gamma:C1CC(C2CCC(CC12)C3CCC(CC3)OC4CCC(CO4)OC5CCCCO5)C6=CCOC6:1,12
SR-MMP:O=C1OCC(=C1)C2CCC3C2CCC4C3CCC5CC(CCC45)OC6CCCCO6:12.SR-ARE:O=C1OCC(=C1)C2CCC3C2CCC4C3CCC5CC(CCC45)OC6CCCCO6:0.NR-AhR:O=C1OCC(=C1)C2CCC3C2CCC4C3CCC5CC(CCC45)OC6CCCCO6:0.NR-ER:O=C1OCC(=C1)C2CCC3C2CCC4C3CCC5CC(CCC45)OC6CCCCO6:1.SR-p53:O=C1OCC(=C1)C2CCC3C2CCC4C3CCC5CC(CCC45)OC6CCCCO6:6.NR-ER-LBD:O=C1OCC(=C1)C2CCC3C2CCC4C3CCC5CC(CCC45)OC6CCCCO6:1.SR-HSE:O=C1OCC(=C1)C2CCC3C2CCC4C3CCC5CC(CCC45)OC6CCCCO6:0.NR-AR:O=C1OCC(=C1)C2CCC3C2CCC4C3CCC5CC(CCC45)OC6CCCCO6:0.NR-Aromatase:O=C1OCC(=C1)C2CCC3C2CCC4C3CCC5CC(CCC45)OC6CCCCO6:6.SR-ATAD5:O=C1OCC(=C1)C2CCC3C2CCC4C3CCC5CC(CCC45)OC6CCCCO6:0.NR-AR-LBD:O=C1OCC(=C1)C2CCC3C2CCC4C3CCC5CC(CCC45)OC6CCCCO6:5.NR-PPAR-gamma:O=C1OCC(=C1)C2CCC3C2CCC4C3CCC5CC(CCC45)OC6CCCCO6:1,16
SR-MMP:C1CCC(C1)C2CCC3CC(CCC3C2)OC4CCC(CO4)OC5CCC(CO5)OC6CCCCO6:9.SR-ARE:C1CCC(C1)C2CCC3CC(CCC3C2)OC4CCC(CO4)OC5CCC(CO5)OC6CCCCO6:0.NR-AhR:C1CCC(C1)C2CCC3CC(CCC3C2)OC4CCC(CO4)OC5CCC(CO5)OC6CCCCO6:0.NR-ER:C1CCC(C1)C2CCC3CC(CCC3C2)OC4CCC(CO4)OC5CCC(CO5)OC6CCCCO6:1.SR-p53:C1CCC(C1)C2CCC3CC(CCC3C2)OC4CCC(CO4)OC5CCC(CO5)OC6CCCCO6:6.NR-ER-LBD:C1CCC(C1)C2CCC3CC(CCC3C2)OC4CCC(CO4)OC5CCC(CO5)OC6CCCCO6:1.SR-HSE:C1CCC(C1)C2CCC3CC(CCC3C2)OC4CCC(CO4)OC5CCC(CO5)OC6CCCCO6:0.NR-AR:C1CCC(C1)C2CCC3CC(CCC3C2)OC4CCC(CO4)OC5CCC(CO5)OC6CCCCO6:0.NR-Aromatase:C1CCC(C1)C2CCC3CC(CCC3C2)OC4CCC(CO4)OC5CCC(CO5)OC6CCCCO6:3.SR-ATAD5:C1CCC(C1)C2CCC3CC(CCC3C2)OC4CCC(CO4)OC5CCC(CO5)OC6CCCCO6:0.NR-AR-LBD:C1CCC(C1)C2CCC3CC(CCC3C2)OC4CCC(CO4)OC5CCC(CO5)OC6CCCCO6:3.NR-PPAR-gamma:C1CCC(C1)C2CCC3CC(CCC3C2)OC4CCC(CO4)OC5CCC(CO5)OC6CCCCO6:1,12
SR-MMP:O=C1OCC(CCCC2CCC3CC(CCC3C2)OC4CCC(CO4)OC5CCCCO5)=C1:9.SR-ARE:O=C1OCC(CCCC2CCC3CC(CCC3C2)OC4CCC(CO4)OC5CCCCO5)=C1:0.NR-AhR:O=C1OCC(CCCC2CCC3CC(CCC3C2)OC4CCC(CO4)OC5CCCCO5)=C1:0.NR-ER:O=C1OCC(CCCC2CCC3CC(CCC3C2)OC4CCC(CO4)OC5CCCCO5)=C1:1.SR-p53:O=C1OCC(CCCC2CCC3CC(CCC3C2)OC4CCC(CO4)OC5CCCCO5)=C1:6.NR-ER-LBD:O=C1OCC(CCCC2CCC3CC(CCC3C2)OC4CCC(CO4)OC5CCCCO5)=C1:1.SR-HSE:O=C1OCC(CCCC2CCC3CC(CCC3C2)OC4CCC(CO4)OC5CCCCO5)=C1:0.NR-AR:O=C1OCC(CCCC2CCC3CC(CCC3C2)OC4CCC(CO4)OC5CCCCO5)=C1:0.NR-Aromatase:O=C1OCC(CCCC2CCC3CC(CCC3C2)OC4CCC(CO4)OC5CCCCO5)=C1:3.SR-ATAD5:O=C1OCC(CCCC2CCC3CC(CCC3C2)OC4CCC(CO4)OC5CCCCO5)=C1:0.NR-AR-LBD:O=C1OCC(CCCC2CCC3CC(CCC3C2)OC4CCC(CO4)OC5CCCCO5)=C1:3.NR-PPAR-gamma:O=C1OCC(CCCC2CCC3CC(CCC3C2)OC4CCC(CO4)OC5CCCCO5)=C1:1,12
SR-MMP:C(CC1CCC2C3CCC(C3CCC2C1)C4=CCOC4)OC5CCC(CO5)OC6CCCCO6:9.SR-ARE:C(CC1CCC2C3CCC(C3CCC2C1)C4=CCOC4)OC5CCC(CO5)OC6CCCCO6:0.NR-AhR:C(CC1CCC2C3CCC(C3CCC2C1)C4=CCOC4)OC5CCC(CO5)OC6CCCCO6:0.NR-ER:C(CC1CCC2C3CCC(C3CCC2C1)C4=CCOC4)OC5CCC(CO5)OC6CCCCO6:1.SR-p53:C(CC1CCC2C3CCC(C3CCC2C1)C4=CCOC4)OC5CCC(CO5)OC6CCCCO6:6.NR-ER-LBD:C(CC1CCC2C3CCC(C3CCC2C1)C4=CCOC4)OC5CCC(CO5)OC6CCCCO6:1.SR-HSE:C(CC1CCC2C3CCC(C3CCC2C1)C4=CCOC4)OC5CCC(CO5)OC6CCCCO6:0.NR-AR:C(CC1CCC2C3CCC(C3CCC2C1)C4=CCOC4)OC5CCC(CO5)OC6CCCCO6:0.NR-Aromatase:C(CC1CCC2C3CCC(C3CCC2C1)C4=CCOC4)OC5CCC(CO5)OC6CCCCO6:3.SR-ATAD5:C(CC1CCC2C3CCC(C3CCC2C1)C4=CCOC4)OC5CCC(CO5)OC6CCCCO6:0.NR-AR-LBD:C(CC1CCC2C3CCC(C3CCC2C1)C4=CCOC4)OC5CCC(CO5)OC6CCCCO6:3.NR-PPAR-gamma:C(CC1CCC2C3CCC(C3CCC2C1)C4=CCOC4)OC5CCC(CO5)OC6CCCCO6:1,12
SR-MMP:C(C1CCC2C(CCC3CC(CCC23)OC4CCC(CO4)OC5CCCCO5)C1)C6=CCOC6:9.SR-ARE:C(C1CCC2C(CCC3CC(CCC23)OC4CCC(CO4)OC5CCCCO5)C1)C6=CCOC6:0.NR-AhR:C(C1CCC2C(CCC3CC(CCC23)OC4CCC(CO4)OC5CCCCO5)C1)C6=CCOC6:0.NR-ER:C(C1CCC2C(CCC3CC(CCC23)OC4CCC(CO4)OC5CCCCO5)C1)C6=CCOC6:1.SR-p53:C(C1CCC2C(CCC3CC(CCC23)OC4CCC(CO4)OC5CCCCO5)C1)C6=CCOC6:6.NR-ER-LBD:C(C1CCC2C(CCC3CC(CCC23)OC4CCC(CO4)OC5CCCCO5)C1)C6=CCOC6:1.SR-HSE:C(C1CCC2C(CCC3CC(CCC23)OC4CCC(CO4)OC5CCCCO5)C1)C6=CCOC6:0.NR-AR:C(C1CCC2C(CCC3CC(CCC23)OC4CCC(CO4)OC5CCCCO5)C1)C6=CCOC6:0.NR-Aromatase:C(C1CCC2C(CCC3CC(CCC23)OC4CCC(CO4)OC5CCCCO5)C1)C6=CCOC6:3.SR-ATAD5:C(C1CCC2C(CCC3CC(CCC23)OC4CCC(CO4)OC5CCCCO5)C1)C6=CCOC6:0.NR-AR-LBD:C(C1CCC2C(CCC3CC(CCC23)OC4CCC(CO4)OC5CCCCO5)C1)C6=CCOC6:3.NR-PPAR-gamma:C(C1CCC2C(CCC3CC(CCC23)OC4CCC(CO4)OC5CCCCO5)C1)C6=CCOC6:1,12
SR-MMP:C(CC1CCC2C3CCCC3CCC2C1)OC4CCC(CO4)OC5CCC(CO5)OC6CCCCO6:9.SR-ARE:C(CC1CCC2C3CCCC3CCC2C1)OC4CCC(CO4)OC5CCC(CO5)OC6CCCCO6:0.NR-AhR:C(CC1CCC2C3CCCC3CCC2C1)OC4CCC(CO4)OC5CCC(CO5)OC6CCCCO6:0.NR-ER:C(CC1CCC2C3CCCC3CCC2C1)OC4CCC(CO4)OC5CCC(CO5)OC6CCCCO6:1.SR-p53:C(CC1CCC2C3CCCC3CCC2C1)OC4CCC(CO4)OC5CCC(CO5)OC6CCCCO6:6.NR-ER-LBD:C(CC1CCC2C3CCCC3CCC2C1)OC4CCC(CO4)OC5CCC(CO5)OC6CCCCO6:1.SR-HSE:C(CC1CCC2C3CCCC3CCC2C1)OC4CCC(CO4)OC5CCC(CO5)OC6CCCCO6:0.NR-AR:C(CC1CCC2C3CCCC3CCC2C1)OC4CCC(CO4)OC5CCC(CO5)OC6CCCCO6:0.NR-Aromatase:C(CC1CCC2C3CCCC3CCC2C1)OC4CCC(CO4)OC5CCC(CO5)OC6CCCCO6:3.SR-ATAD5:C(CC1CCC2C3CCCC3CCC2C1)OC4CCC(CO4)OC5CCC(CO5)OC6CCCCO6:0.NR-AR-LBD:C(CC1CCC2C3CCCC3CCC2C1)OC4CCC(CO4)OC5CCC(CO5)OC6CCCCO6:3.NR-PPAR-gamma:C(CC1CCC2C3CCCC3CCC2C1)OC4CCC(CO4)OC5CCC(CO5)OC6CCCCO6:1,12
SR-MMP:C1CC2CCC3C(CCC4CC(CCC34)OC5CCC(CO5)OC6CCCCO6)C2C1:9.SR-ARE:C1CC2CCC3C(CCC4CC(CCC34)OC5CCC(CO5)OC6CCCCO6)C2C1:0.NR-AhR:C1CC2CCC3C(CCC4CC(CCC34)OC5CCC(CO5)OC6CCCCO6)C2C1:0.NR-ER:C1CC2CCC3C(CCC4CC(CCC34)OC5CCC(CO5)OC6CCCCO6)C2C1:1.SR-p53:C1CC2CCC3C(CCC4CC(CCC34)OC5CCC(CO5)OC6CCCCO6)C2C1:6.NR-ER-LBD:C1CC2CCC3C(CCC4CC(CCC34)OC5CCC(CO5)OC6CCCCO6)C2C1:3.SR-HSE:C1CC2CCC3C(CCC4CC(CCC34)OC5CCC(CO5)OC6CCCCO6)C2C1:0.NR-AR:C1CC2CCC3C(CCC4CC(CCC34)OC5CCC(CO5)OC6CCCCO6)C2C1:0.NR-Aromatase:C1CC2CCC3C(CCC4CC(CCC34)OC5CCC(CO5)OC6CCCCO6)C2C1:3.SR-ATAD5:C1CC2CCC3C(CCC4CC(CCC34)OC5CCC(CO5)OC6CCCCO6)C2C1:1.NR-AR-LBD:C1CC2CCC3C(CCC4CC(CCC34)OC5CCC(CO5)OC6CCCCO6)C2C1:3.NR-PPAR-gamma:C1CC2CCC3C(CCC4CC(CCC34)OC5CCC(CO5)OC6CCCCO6)C2C1:1,14
SR-MMP:C(CC1CCC2CCCCC2C1)OC3CCC(CO3)OC4CCC(CO4)OC5CCCCO5:9.SR-ARE:C(CC1CCC2CCCCC2C1)OC3CCC(CO3)OC4CCC(CO4)OC5CCCCO5:0.NR-AhR:C(CC1CCC2CCCCC2C1)OC3CCC(CO3)OC4CCC(CO4)OC5CCCCO5:0.NR-ER:C(CC1CCC2CCCCC2C1)OC3CCC(CO3)OC4CCC(CO4)OC5CCCCO5:1.SR-p53:C(CC1CCC2CCCCC2C1)OC3CCC(CO3)OC4CCC(CO4)OC5CCCCO5:6.NR-ER-LBD:C(CC1CCC2CCCCC2C1)OC3CCC(CO3)OC4CCC(CO4)OC5CCCCO5:1.SR-HSE:C(CC1CCC2CCCCC2C1)OC3CCC(CO3)OC4CCC(CO4)OC5CCCCO5:0.NR-AR:C(CC1CCC2CCCCC2C1)OC3CCC(CO3)OC4CCC(CO4)OC5CCCCO5:0.NR-Aromatase:C(CC1CCC2CCCCC2C1)OC3CCC(CO3)OC4CCC(CO4)OC5CCCCO5:3.SR-ATAD5:C(CC1CCC2CCCCC2C1)OC3CCC(CO3)OC4CCC(CO4)OC5CCCCO5:0.NR-AR-LBD:C(CC1CCC2CCCCC2C1)OC3CCC(CO3)OC4CCC(CO4)OC5CCCCO5:3.NR-PPAR-gamma:C(CC1CCC2CCCCC2C1)OC3CCC(CO3)OC4CCC(CO4)OC5CCCCO5:1,12
SR-MMP:O=C1OCC(CC2CCC(CC2)C3CCC(CC3)OC4CCC(CO4)OC5CCCCO5)=C1:9.SR-ARE:O=C1OCC(CC2CCC(CC2)C3CCC(CC3)OC4CCC(CO4)OC5CCCCO5)=C1:0.NR-AhR:O=C1OCC(CC2CCC(CC2)C3CCC(CC3)OC4CCC(CO4)OC5CCCCO5)=C1:0.NR-ER:O=C1OCC(CC2CCC(CC2)C3CCC(CC3)OC4CCC(CO4)OC5CCCCO5)=C1:1.SR-p53:O=C1OCC(CC2CCC(CC2)C3CCC(CC3)OC4CCC(CO4)OC5CCCCO5)=C1:6.NR-ER-LBD:O=C1OCC(CC2CCC(CC2)C3CCC(CC3)OC4CCC(CO4)OC5CCCCO5)=C1:1.SR-HSE:O=C1OCC(CC2CCC(CC2)C3CCC(CC3)OC4CCC(CO4)OC5CCCCO5)=C1:0.NR-AR:O=C1OCC(CC2CCC(CC2)C3CCC(CC3)OC4CCC(CO4)OC5CCCCO5)=C1:0.NR-Aromatase:O=C1OCC(CC2CCC(CC2)C3CCC(CC3)OC4CCC(CO4)OC5CCCCO5)=C1:3.SR-ATAD5:O=C1OCC(CC2CCC(CC2)C3CCC(CC3)OC4CCC(CO4)OC5CCCCO5)=C1:0.NR-AR-LBD:O=C1OCC(CC2CCC(CC2)C3CCC(CC3)OC4CCC(CO4)OC5CCCCO5)=C1:3.NR-PPAR-gamma:O=C1OCC(CC2CCC(CC2)C3CCC(CC3)OC4CCC(CO4)OC5CCCCO5)=C1:1,12
SR-MMP:C(CC1CCC(CCOC2CCC(CO2)OC3CCC(CO3)OC4CCCCO4)CC1)CC5=CCOC5:9.SR-ARE:C(CC1CCC(CCOC2CCC(CO2)OC3CCC(CO3)OC4CCCCO4)CC1)CC5=CCOC5:0.NR-AhR:C(CC1CCC(CCOC2CCC(CO2)OC3CCC(CO3)OC4CCCCO4)CC1)CC5=CCOC5:0.NR-ER:C(CC1CCC(CCOC2CCC(CO2)OC3CCC(CO3)OC4CCCCO4)CC1)CC5=CCOC5:1.SR-p53:C(CC1CCC(CCOC2CCC(CO2)OC3CCC(CO3)OC4CCCCO4)CC1)CC5=CCOC5:6.NR-ER-LBD:C(CC1CCC(CCOC2CCC(CO2)OC3CCC(CO3)OC4CCCCO4)CC1)CC5=CCOC5:1.SR-HSE:C(CC1CCC(CCOC2CCC(CO2)OC3CCC(CO3)OC4CCCCO4)CC1)CC5=CCOC5:0.NR-AR:C(CC1CCC(CCOC2CCC(CO2)OC3CCC(CO3)OC4CCCCO4)CC1)CC5=CCOC5:0.NR-Aromatase:C(CC1CCC(CCOC2CCC(CO2)OC3CCC(CO3)OC4CCCCO4)CC1)CC5=CCOC5:3.SR-ATAD5:C(CC1CCC(CCOC2CCC(CO2)OC3CCC(CO3)OC4CCCCO4)CC1)CC5=CCOC5:0.NR-AR-LBD:C(CC1CCC(CCOC2CCC(CO2)OC3CCC(CO3)OC4CCCCO4)CC1)CC5=CCOC5:3.NR-PPAR-gamma:C(CC1CCC(CCOC2CCC(CO2)OC3CCC(CO3)OC4CCCCO4)CC1)CC5=CCOC5:1,12
SR-MMP:C1CC(C2CCC3C(CCC4CC(CCC34)OC5CCCCO5)C12)C6=CCOC6:12.SR-ARE:C1CC(C2CCC3C(CCC4CC(CCC34)OC5CCCCO5)C12)C6=CCOC6:0.NR-AhR:C1CC(C2CCC3C(CCC4CC(CCC34)OC5CCCCO5)C12)C6=CCOC6:0.NR-ER:C1CC(C2CCC3C(CCC4CC(CCC34)OC5CCCCO5)C12)C6=CCOC6:1.SR-p53:C1CC(C2CCC3C(CCC4CC(CCC34)OC5CCCCO5)C12)C6=CCOC6:6.NR-ER-LBD:C1CC(C2CCC3C(CCC4CC(CCC34)OC5CCCCO5)C12)C6=CCOC6:1.SR-HSE:C1CC(C2CCC3C(CCC4CC(CCC34)OC5CCCCO5)C12)C6=CCOC6:0.NR-AR:C1CC(C2CCC3C(CCC4CC(CCC34)OC5CCCCO5)C12)C6=CCOC6:0.NR-Aromatase:C1CC(C2CCC3C(CCC4CC(CCC34)OC5CCCCO5)C12)C6=CCOC6:6.SR-ATAD5:C1CC(C2CCC3C(CCC4CC(CCC34)OC5CCCCO5)C12)C6=CCOC6:0.NR-AR-LBD:C1CC(C2CCC3C(CCC4CC(CCC34)OC5CCCCO5)C12)C6=CCOC6:5.NR-PPAR-gamma:C1CC(C2CCC3C(CCC4CC(CCC34)OC5CCCCO5)C12)C6=CCOC6:1,16
SR-MMP:C1COC(C1)N2C=NC3=C2N=CN=C3:0.SR-ARE:C1COC(C1)N2C=NC3=C2N=CN=C3:4.NR-AhR:C1COC(C1)N2C=NC3=C2N=CN=C3:1.NR-ER:C1COC(C1)N2C=NC3=C2N=CN=C3:2.SR-p53:C1COC(C1)N2C=NC3=C2N=CN=C3:7.NR-ER-LBD:C1COC(C1)N2C=NC3=C2N=CN=C3:0.SR-HSE:C1COC(C1)N2C=NC3=C2N=CN=C3:0.NR-AR:C1COC(C1)N2C=NC3=C2N=CN=C3:0.NR-Aromatase:C1COC(C1)N2C=NC3=C2N=CN=C3:2.SR-ATAD5:C1COC(C1)N2C=NC3=C2N=CN=C3:0.NR-AR-LBD:C1COC(C1)N2C=NC3=C2N=CN=C3:0.NR-PPAR-gamma:C1COC(C1)N2C=NC3=C2N=CN=C3:0,37
SR-MMP:C(CC1CCC(CC1)OC2CCC(CO2)OC3CCC(CO3)OC4CCCCO4)C5CCCC5:9.SR-ARE:C(CC1CCC(CC1)OC2CCC(CO2)OC3CCC(CO3)OC4CCCCO4)C5CCCC5:0.NR-AhR:C(CC1CCC(CC1)OC2CCC(CO2)OC3CCC(CO3)OC4CCCCO4)C5CCCC5:0.NR-ER:C(CC1CCC(CC1)OC2CCC(CO2)OC3CCC(CO3)OC4CCCCO4)C5CCCC5:1.SR-p53:C(CC1CCC(CC1)OC2CCC(CO2)OC3CCC(CO3)OC4CCCCO4)C5CCCC5:6.NR-ER-LBD:C(CC1CCC(CC1)OC2CCC(CO2)OC3CCC(CO3)OC4CCCCO4)C5CCCC5:1.SR-HSE:C(CC1CCC(CC1)OC2CCC(CO2)OC3CCC(CO3)OC4CCCCO4)C5CCCC5:0.NR-AR:C(CC1CCC(CC1)OC2CCC(CO2)OC3CCC(CO3)OC4CCCCO4)C5CCCC5:0.NR-Aromatase:C(CC1CCC(CC1)OC2CCC(CO2)OC3CCC(CO3)OC4CCCCO4)C5CCCC5:3.SR-ATAD5:C(CC1CCC(CC1)OC2CCC(CO2)OC3CCC(CO3)OC4CCCCO4)C5CCCC5:0.NR-AR-LBD:C(CC1CCC(CC1)OC2CCC(CO2)OC3CCC(CO3)OC4CCCCO4)C5CCCC5:3.NR-PPAR-gamma:C(CC1CCC(CC1)OC2CCC(CO2)OC3CCC(CO3)OC4CCCCO4)C5CCCC5:1,12
SR-MMP:O=C1OCC(=C1)C2CCC3C2CCC4CC(CCOC5CCCCO5)CCC34:12.SR-ARE:O=C1OCC(=C1)C2CCC3C2CCC4CC(CCOC5CCCCO5)CCC34:0.NR-AhR:O=C1OCC(=C1)C2CCC3C2CCC4CC(CCOC5CCCCO5)CCC34:0.NR-ER:O=C1OCC(=C1)C2CCC3C2CCC4CC(CCOC5CCCCO5)CCC34:1.SR-p53:O=C1OCC(=C1)C2CCC3C2CCC4CC(CCOC5CCCCO5)CCC34:6.NR-ER-LBD:O=C1OCC(=C1)C2CCC3C2CCC4CC(CCOC5CCCCO5)CCC34:1.SR-HSE:O=C1OCC(=C1)C2CCC3C2CCC4CC(CCOC5CCCCO5)CCC34:0.NR-AR:O=C1OCC(=C1)C2CCC3C2CCC4CC(CCOC5CCCCO5)CCC34:0.NR-Aromatase:O=C1OCC(=C1)C2CCC3C2CCC4CC(CCOC5CCCCO5)CCC34:6.SR-ATAD5:O=C1OCC(=C1)C2CCC3C2CCC4CC(CCOC5CCCCO5)CCC34:0.NR-AR-LBD:O=C1OCC(=C1)C2CCC3C2CCC4CC(CCOC5CCCCO5)CCC34:5.NR-PPAR-gamma:O=C1OCC(=C1)C2CCC3C2CCC4CC(CCOC5CCCCO5)CCC34:1,16
SR-MMP:O=C1CCC2C3CCC4CCCC4C3CCC2=C1:2.SR-ARE:O=C1CCC2C3CCC4CCCC4C3CCC2=C1:9.NR-AhR:O=C1CCC2C3CCC4CCCC4C3CCC2=C1:0.NR-ER:O=C1CCC2C3CCC4CCCC4C3CCC2=C1:39.SR-p53:O=C1CCC2C3CCC4CCCC4C3CCC2=C1:2.NR-ER-LBD:O=C1CCC2C3CCC4CCCC4C3CCC2=C1:29.SR-HSE:O=C1CCC2C3CCC4CCCC4C3CCC2=C1:1.NR-AR:O=C1CCC2C3CCC4CCCC4C3CCC2=C1:63.NR-Aromatase:O=C1CCC2C3CCC4CCCC4C3CCC2=C1:3.SR-ATAD5:O=C1CCC2C3CCC4CCCC4C3CCC2=C1:0.NR-AR-LBD:O=C1CCC2C3CCC4CCCC4C3CCC2=C1:60.NR-PPAR-gamma:O=C1CCC2C3CCC4CCCC4C3CCC2=C1:0,99
SR-MMP:O=C(CC1=CC=CC=C1)NC2C3SCCN3C2=O:0.SR-ARE:O=C(CC1=CC=CC=C1)NC2C3SCCN3C2=O:0.NR-AhR:O=C(CC1=CC=CC=C1)NC2C3SCCN3C2=O:0.NR-ER:O=C(CC1=CC=CC=C1)NC2C3SCCN3C2=O:1.SR-p53:O=C(CC1=CC=CC=C1)NC2C3SCCN3C2=O:0.NR-ER-LBD:O=C(CC1=CC=CC=C1)NC2C3SCCN3C2=O:0.SR-HSE:O=C(CC1=CC=CC=C1)NC2C3SCCN3C2=O:0.NR-AR:O=C(CC1=CC=CC=C1)NC2C3SCCN3C2=O:1.NR-Aromatase:O=C(CC1=CC=CC=C1)NC2C3SCCN3C2=O:0.SR-ATAD5:O=C(CC1=CC=CC=C1)NC2C3SCCN3C2=O:0.NR-AR-LBD:O=C(CC1=CC=CC=C1)NC2C3SCCN3C2=O:0.NR-PPAR-gamma:O=C(CC1=CC=CC=C1)NC2C3SCCN3C2=O:0,19
SR-MMP:C(CC1CCC(CC1)C2CCCC2)OC3CCC(CO3)OC4CCC(CO4)OC5CCCCO5:9.SR-ARE:C(CC1CCC(CC1)C2CCCC2)OC3CCC(CO3)OC4CCC(CO4)OC5CCCCO5:0.NR-AhR:C(CC1CCC(CC1)C2CCCC2)OC3CCC(CO3)OC4CCC(CO4)OC5CCCCO5:0.NR-ER:C(CC1CCC(CC1)C2CCCC2)OC3CCC(CO3)OC4CCC(CO4)OC5CCCCO5:1.SR-p53:C(CC1CCC(CC1)C2CCCC2)OC3CCC(CO3)OC4CCC(CO4)OC5CCCCO5:6.NR-ER-LBD:C(CC1CCC(CC1)C2CCCC2)OC3CCC(CO3)OC4CCC(CO4)OC5CCCCO5:1.SR-HSE:C(CC1CCC(CC1)C2CCCC2)OC3CCC(CO3)OC4CCC(CO4)OC5CCCCO5:0.NR-AR:C(CC1CCC(CC1)C2CCCC2)OC3CCC(CO3)OC4CCC(CO4)OC5CCCCO5:0.NR-Aromatase:C(CC1CCC(CC1)C2CCCC2)OC3CCC(CO3)OC4CCC(CO4)OC5CCCCO5:3.SR-ATAD5:C(CC1CCC(CC1)C2CCCC2)OC3CCC(CO3)OC4CCC(CO4)OC5CCCCO5:0.NR-AR-LBD:C(CC1CCC(CC1)C2CCCC2)OC3CCC(CO3)OC4CCC(CO4)OC5CCCCO5:3.NR-PPAR-gamma:C(CC1CCC(CC1)C2CCCC2)OC3CCC(CO3)OC4CCC(CO4)OC5CCCCO5:1,12
SR-MMP:O=C1OCC(CC2CCC3C(CCC4CC(CCC34)OC5CCCCO5)C2)=C1:12.SR-ARE:O=C1OCC(CC2CCC3C(CCC4CC(CCC34)OC5CCCCO5)C2)=C1:0.NR-AhR:O=C1OCC(CC2CCC3C(CCC4CC(CCC34)OC5CCCCO5)C2)=C1:0.NR-ER:O=C1OCC(CC2CCC3C(CCC4CC(CCC34)OC5CCCCO5)C2)=C1:1.SR-p53:O=C1OCC(CC2CCC3C(CCC4CC(CCC34)OC5CCCCO5)C2)=C1:6.NR-ER-LBD:O=C1OCC(CC2CCC3C(CCC4CC(CCC34)OC5CCCCO5)C2)=C1:1.SR-HSE:O=C1OCC(CC2CCC3C(CCC4CC(CCC34)OC5CCCCO5)C2)=C1:0.NR-AR:O=C1OCC(CC2CCC3C(CCC4CC(CCC34)OC5CCCCO5)C2)=C1:0.NR-Aromatase:O=C1OCC(CC2CCC3C(CCC4CC(CCC34)OC5CCCCO5)C2)=C1:6.SR-ATAD5:O=C1OCC(CC2CCC3C(CCC4CC(CCC34)OC5CCCCO5)C2)=C1:0.NR-AR-LBD:O=C1OCC(CC2CCC3C(CCC4CC(CCC34)OC5CCCCO5)C2)=C1:5.NR-PPAR-gamma:O=C1OCC(CC2CCC3C(CCC4CC(CCC34)OC5CCCCO5)C2)=C1:1,16
SR-MMP:C1OC2CC3CC(CCC3C2O1)C4C=CCC=C4:1.SR-ARE:C1OC2CC3CC(CCC3C2O1)C4C=CCC=C4:1.NR-AhR:C1OC2CC3CC(CCC3C2O1)C4C=CCC=C4:0.NR-ER:C1OC2CC3CC(CCC3C2O1)C4C=CCC=C4:2.SR-p53:C1OC2CC3CC(CCC3C2O1)C4C=CCC=C4:0.NR-ER-LBD:C1OC2CC3CC(CCC3C2O1)C4C=CCC=C4:1.SR-HSE:C1OC2CC3CC(CCC3C2O1)C4C=CCC=C4:0.NR-AR:C1OC2CC3CC(CCC3C2O1)C4C=CCC=C4:13.NR-Aromatase:C1OC2CC3CC(CCC3C2O1)C4C=CCC=C4:0.SR-ATAD5:C1OC2CC3CC(CCC3C2O1)C4C=CCC=C4:0.NR-AR-LBD:C1OC2CC3CC(CCC3C2O1)C4C=CCC=C4:2.NR-PPAR-gamma:C1OC2CC3CC(CCC3C2O1)C4C=CCC=C4:0,19
SR-MMP:C1CC2CCC(CC2C1)C3CCC(CC3)OC4CCC(CO4)OC5CCCCO5:9.SR-ARE:C1CC2CCC(CC2C1)C3CCC(CC3)OC4CCC(CO4)OC5CCCCO5:0.NR-AhR:C1CC2CCC(CC2C1)C3CCC(CC3)OC4CCC(CO4)OC5CCCCO5:0.NR-ER:C1CC2CCC(CC2C1)C3CCC(CC3)OC4CCC(CO4)OC5CCCCO5:1.SR-p53:C1CC2CCC(CC2C1)C3CCC(CC3)OC4CCC(CO4)OC5CCCCO5:6.NR-ER-LBD:C1CC2CCC(CC2C1)C3CCC(CC3)OC4CCC(CO4)OC5CCCCO5:3.SR-HSE:C1CC2CCC(CC2C1)C3CCC(CC3)OC4CCC(CO4)OC5CCCCO5:0.NR-AR:C1CC2CCC(CC2C1)C3CCC(CC3)OC4CCC(CO4)OC5CCCCO5:0.NR-Aromatase:C1CC2CCC(CC2C1)C3CCC(CC3)OC4CCC(CO4)OC5CCCCO5:3.SR-ATAD5:C1CC2CCC(CC2C1)C3CCC(CC3)OC4CCC(CO4)OC5CCCCO5:1.NR-AR-LBD:C1CC2CCC(CC2C1)C3CCC(CC3)OC4CCC(CO4)OC5CCCCO5:3.NR-PPAR-gamma:C1CC2CCC(CC2C1)C3CCC(CC3)OC4CCC(CO4)OC5CCCCO5:1,14
SR-MMP:O=C1OCC(=C1)C2CCC3CC(CCC23)C4CCC(CC4)OC5CCCCO5:12.SR-ARE:O=C1OCC(=C1)C2CCC3CC(CCC23)C4CCC(CC4)OC5CCCCO5:0.NR-AhR:O=C1OCC(=C1)C2CCC3CC(CCC23)C4CCC(CC4)OC5CCCCO5:0.NR-ER:O=C1OCC(=C1)C2CCC3CC(CCC23)C4CCC(CC4)OC5CCCCO5:1.SR-p53:O=C1OCC(=C1)C2CCC3CC(CCC23)C4CCC(CC4)OC5CCCCO5:6.NR-ER-LBD:O=C1OCC(=C1)C2CCC3CC(CCC23)C4CCC(CC4)OC5CCCCO5:1.SR-HSE:O=C1OCC(=C1)C2CCC3CC(CCC23)C4CCC(CC4)OC5CCCCO5:0.NR-AR:O=C1OCC(=C1)C2CCC3CC(CCC23)C4CCC(CC4)OC5CCCCO5:0.NR-Aromatase:O=C1OCC(=C1)C2CCC3CC(CCC23)C4CCC(CC4)OC5CCCCO5:6.SR-ATAD5:O=C1OCC(=C1)C2CCC3CC(CCC23)C4CCC(CC4)OC5CCCCO5:0.NR-AR-LBD:O=C1OCC(=C1)C2CCC3CC(CCC23)C4CCC(CC4)OC5CCCCO5:5.NR-PPAR-gamma:O=C1OCC(=C1)C2CCC3CC(CCC23)C4CCC(CC4)OC5CCCCO5:1,16
SR-MMP:C(C1=CC2=C(C=CC=C2)C=C1)C3=CCCCC3OC4CCCCO4:6.SR-ARE:C(C1=CC2=C(C=CC=C2)C=C1)C3=CCCCC3OC4CCCCO4:2.NR-AhR:C(C1=CC2=C(C=CC=C2)C=C1)C3=CCCCC3OC4CCCCO4:0.NR-ER:C(C1=CC2=C(C=CC=C2)C=C1)C3=CCCCC3OC4CCCCO4:1.SR-p53:C(C1=CC2=C(C=CC=C2)C=C1)C3=CCCCC3OC4CCCCO4:6.NR-ER-LBD:C(C1=CC2=C(C=CC=C2)C=C1)C3=CCCCC3OC4CCCCO4:5.SR-HSE:C(C1=CC2=C(C=CC=C2)C=C1)C3=CCCCC3OC4CCCCO4:0.NR-AR:C(C1=CC2=C(C=CC=C2)C=C1)C3=CCCCC3OC4CCCCO4:0.NR-Aromatase:C(C1=CC2=C(C=CC=C2)C=C1)C3=CCCCC3OC4CCCCO4:5.SR-ATAD5:C(C1=CC2=C(C=CC=C2)C=C1)C3=CCCCC3OC4CCCCO4:6.NR-AR-LBD:C(C1=CC2=C(C=CC=C2)C=C1)C3=CCCCC3OC4CCCCO4:6.NR-PPAR-gamma:C(C1=CC2=C(C=CC=C2)C=C1)C3=CCCCC3OC4CCCCO4:0,12
SR-MMP:O=C(CC1=CSC=N1)NC2C3SCC=CN3C2=O:0.SR-ARE:O=C(CC1=CSC=N1)NC2C3SCC=CN3C2=O:0.NR-AhR:O=C(CC1=CSC=N1)NC2C3SCC=CN3C2=O:0.NR-ER:O=C(CC1=CSC=N1)NC2C3SCC=CN3C2=O:0.SR-p53:O=C(CC1=CSC=N1)NC2C3SCC=CN3C2=O:0.NR-ER-LBD:O=C(CC1=CSC=N1)NC2C3SCC=CN3C2=O:0.SR-HSE:O=C(CC1=CSC=N1)NC2C3SCC=CN3C2=O:0.NR-AR:O=C(CC1=CSC=N1)NC2C3SCC=CN3C2=O:0.NR-Aromatase:O=C(CC1=CSC=N1)NC2C3SCC=CN3C2=O:0.SR-ATAD5:O=C(CC1=CSC=N1)NC2C3SCC=CN3C2=O:0.NR-AR-LBD:O=C(CC1=CSC=N1)NC2C3SCC=CN3C2=O:0.NR-PPAR-gamma:O=C(CC1=CSC=N1)NC2C3SCC=CN3C2=O:0,17
SR-MMP:C1CCC(OC2CCCC3=C2CC4=C(C3)C=CC=C4)OC1:6.SR-ARE:C1CCC(OC2CCCC3=C2CC4=C(C3)C=CC=C4)OC1:2.NR-AhR:C1CCC(OC2CCCC3=C2CC4=C(C3)C=CC=C4)OC1:0.NR-ER:C1CCC(OC2CCCC3=C2CC4=C(C3)C=CC=C4)OC1:1.SR-p53:C1CCC(OC2CCCC3=C2CC4=C(C3)C=CC=C4)OC1:8.NR-ER-LBD:C1CCC(OC2CCCC3=C2CC4=C(C3)C=CC=C4)OC1:7.SR-HSE:C1CCC(OC2CCCC3=C2CC4=C(C3)C=CC=C4)OC1:0.NR-AR:C1CCC(OC2CCCC3=C2CC4=C(C3)C=CC=C4)OC1:0.NR-Aromatase:C1CCC(OC2CCCC3=C2CC4=C(C3)C=CC=C4)OC1:6.SR-ATAD5:C1CCC(OC2CCCC3=C2CC4=C(C3)C=CC=C4)OC1:8.NR-AR-LBD:C1CCC(OC2CCCC3=C2CC4=C(C3)C=CC=C4)OC1:8.NR-PPAR-gamma:C1CCC(OC2CCCC3=C2CC4=C(C3)C=CC=C4)OC1:0,14
SR-MMP:C1CCC2CN3CCC4=C(NC=C4)C3CC2C1:2.SR-ARE:C1CCC2CN3CCC4=C(NC=C4)C3CC2C1:0.NR-AhR:C1CCC2CN3CCC4=C(NC=C4)C3CC2C1:5.NR-ER:C1CCC2CN3CCC4=C(NC=C4)C3CC2C1:0.SR-p53:C1CCC2CN3CCC4=C(NC=C4)C3CC2C1:0.NR-ER-LBD:C1CCC2CN3CCC4=C(NC=C4)C3CC2C1:1.SR-HSE:C1CCC2CN3CCC4=C(NC=C4)C3CC2C1:0.NR-AR:C1CCC2CN3CCC4=C(NC=C4)C3CC2C1:0.NR-Aromatase:C1CCC2CN3CCC4=C(NC=C4)C3CC2C1:1.SR-ATAD5:C1CCC2CN3CCC4=C(NC=C4)C3CC2C1:0.NR-AR-LBD:C1CCC2CN3CCC4=C(NC=C4)C3CC2C1:0.NR-PPAR-gamma:C1CCC2CN3CCC4=C(NC=C4)C3CC2C1:0,11
SR-MMP:C1OC2CC3C(CCC4CCCCC34)C2O1:1.SR-ARE:C1OC2CC3C(CCC4CCCCC34)C2O1:1.NR-AhR:C1OC2CC3C(CCC4CCCCC34)C2O1:0.NR-ER:C1OC2CC3C(CCC4CCCCC34)C2O1:2.SR-p53:C1OC2CC3C(CCC4CCCCC34)C2O1:0.NR-ER-LBD:C1OC2CC3C(CCC4CCCCC34)C2O1:1.SR-HSE:C1OC2CC3C(CCC4CCCCC34)C2O1:0.NR-AR:C1OC2CC3C(CCC4CCCCC34)C2O1:16.NR-Aromatase:C1OC2CC3C(CCC4CCCCC34)C2O1:0.SR-ATAD5:C1OC2CC3C(CCC4CCCCC34)C2O1:0.NR-AR-LBD:C1OC2CC3C(CCC4CCCCC34)C2O1:2.NR-PPAR-gamma:C1OC2CC3C(CCC4CCCCC34)C2O1:0,24
SR-MMP:C(C1CCC(CC1)C2CCC(CC2)OC3CCC(CO3)OC4CCCCO4)C5=CCOC5:9.SR-ARE:C(C1CCC(CC1)C2CCC(CC2)OC3CCC(CO3)OC4CCCCO4)C5=CCOC5:0.NR-AhR:C(C1CCC(CC1)C2CCC(CC2)OC3CCC(CO3)OC4CCCCO4)C5=CCOC5:0.NR-ER:C(C1CCC(CC1)C2CCC(CC2)OC3CCC(CO3)OC4CCCCO4)C5=CCOC5:1.SR-p53:C(C1CCC(CC1)C2CCC(CC2)OC3CCC(CO3)OC4CCCCO4)C5=CCOC5:6.NR-ER-LBD:C(C1CCC(CC1)C2CCC(CC2)OC3CCC(CO3)OC4CCCCO4)C5=CCOC5:1.SR-HSE:C(C1CCC(CC1)C2CCC(CC2)OC3CCC(CO3)OC4CCCCO4)C5=CCOC5:0.NR-AR:C(C1CCC(CC1)C2CCC(CC2)OC3CCC(CO3)OC4CCCCO4)C5=CCOC5:0.NR-Aromatase:C(C1CCC(CC1)C2CCC(CC2)OC3CCC(CO3)OC4CCCCO4)C5=CCOC5:3.SR-ATAD5:C(C1CCC(CC1)C2CCC(CC2)OC3CCC(CO3)OC4CCCCO4)C5=CCOC5:0.NR-AR-LBD:C(C1CCC(CC1)C2CCC(CC2)OC3CCC(CO3)OC4CCCCO4)C5=CCOC5:3.NR-PPAR-gamma:C(C1CCC(CC1)C2CCC(CC2)OC3CCC(CO3)OC4CCCCO4)C5=CCOC5:1,12
SR-MMP:O=C1OCC(=C1)C2CCC3C2CCC4C3CCC5CCCCC45:12.SR-ARE:O=C1OCC(=C1)C2CCC3C2CCC4C3CCC5CCCCC45:0.NR-AhR:O=C1OCC(=C1)C2CCC3C2CCC4C3CCC5CCCCC45:0.NR-ER:O=C1OCC(=C1)C2CCC3C2CCC4C3CCC5CCCCC45:1.SR-p53:O=C1OCC(=C1)C2CCC3C2CCC4C3CCC5CCCCC45:6.NR-ER-LBD:O=C1OCC(=C1)C2CCC3C2CCC4C3CCC5CCCCC45:1.SR-HSE:O=C1OCC(=C1)C2CCC3C2CCC4C3CCC5CCCCC45:0.NR-AR:O=C1OCC(=C1)C2CCC3C2CCC4C3CCC5CCCCC45:0.NR-Aromatase:O=C1OCC(=C1)C2CCC3C2CCC4C3CCC5CCCCC45:6.SR-ATAD5:O=C1OCC(=C1)C2CCC3C2CCC4C3CCC5CCCCC45:0.NR-AR-LBD:O=C1OCC(=C1)C2CCC3C2CCC4C3CCC5CCCCC45:5.NR-PPAR-gamma:O=C1OCC(=C1)C2CCC3C2CCC4C3CCC5CCCCC45:1,16
SR-MMP:O=C1OCC(=C1)C2CCC(C2)C3CCC4CC(CCC4C3)OC5CCCCO5:12.SR-ARE:O=C1OCC(=C1)C2CCC(C2)C3CCC4CC(CCC4C3)OC5CCCCO5:0.NR-AhR:O=C1OCC(=C1)C2CCC(C2)C3CCC4CC(CCC4C3)OC5CCCCO5:0.NR-ER:O=C1OCC(=C1)C2CCC(C2)C3CCC4CC(CCC4C3)OC5CCCCO5:1.SR-p53:O=C1OCC(=C1)C2CCC(C2)C3CCC4CC(CCC4C3)OC5CCCCO5:6.NR-ER-LBD:O=C1OCC(=C1)C2CCC(C2)C3CCC4CC(CCC4C3)OC5CCCCO5:1.SR-HSE:O=C1OCC(=C1)C2CCC(C2)C3CCC4CC(CCC4C3)OC5CCCCO5:0.NR-AR:O=C1OCC(=C1)C2CCC(C2)C3CCC4CC(CCC4C3)OC5CCCCO5:0.NR-Aromatase:O=C1OCC(=C1)C2CCC(C2)C3CCC4CC(CCC4C3)OC5CCCCO5:6.SR-ATAD5:O=C1OCC(=C1)C2CCC(C2)C3CCC4CC(CCC4C3)OC5CCCCO5:0.NR-AR-LBD:O=C1OCC(=C1)C2CCC(C2)C3CCC4CC(CCC4C3)OC5CCCCO5:5.NR-PPAR-gamma:O=C1OCC(=C1)C2CCC(C2)C3CCC4CC(CCC4C3)OC5CCCCO5:1,16
SR-MMP:C(CC1CCC(CC1)C2CCC(C2)C3=CCOC3)OC4CCC(CO4)OC5CCCCO5:9.SR-ARE:C(CC1CCC(CC1)C2CCC(C2)C3=CCOC3)OC4CCC(CO4)OC5CCCCO5:0.NR-AhR:C(CC1CCC(CC1)C2CCC(C2)C3=CCOC3)OC4CCC(CO4)OC5CCCCO5:0.NR-ER:C(CC1CCC(CC1)C2CCC(C2)C3=CCOC3)OC4CCC(CO4)OC5CCCCO5:1.SR-p53:C(CC1CCC(CC1)C2CCC(C2)C3=CCOC3)OC4CCC(CO4)OC5CCCCO5:6.NR-ER-LBD:C(CC1CCC(CC1)C2CCC(C2)C3=CCOC3)OC4CCC(CO4)OC5CCCCO5:1.SR-HSE:C(CC1CCC(CC1)C2CCC(C2)C3=CCOC3)OC4CCC(CO4)OC5CCCCO5:0.NR-AR:C(CC1CCC(CC1)C2CCC(C2)C3=CCOC3)OC4CCC(CO4)OC5CCCCO5:0.NR-Aromatase:C(CC1CCC(CC1)C2CCC(C2)C3=CCOC3)OC4CCC(CO4)OC5CCCCO5:3.SR-ATAD5:C(CC1CCC(CC1)C2CCC(C2)C3=CCOC3)OC4CCC(CO4)OC5CCCCO5:0.NR-AR-LBD:C(CC1CCC(CC1)C2CCC(C2)C3=CCOC3)OC4CCC(CO4)OC5CCCCO5:3.NR-PPAR-gamma:C(CC1CCC(CC1)C2CCC(C2)C3=CCOC3)OC4CCC(CO4)OC5CCCCO5:1,12
SR-MMP:C1CCC(C1)C2CCC3CC(CCC3C2)OC4CCC(CO4)OC5CCCCO5:9.SR-ARE:C1CCC(C1)C2CCC3CC(CCC3C2)OC4CCC(CO4)OC5CCCCO5:0.NR-AhR:C1CCC(C1)C2CCC3CC(CCC3C2)OC4CCC(CO4)OC5CCCCO5:0.NR-ER:C1CCC(C1)C2CCC3CC(CCC3C2)OC4CCC(CO4)OC5CCCCO5:1.SR-p53:C1CCC(C1)C2CCC3CC(CCC3C2)OC4CCC(CO4)OC5CCCCO5:6.NR-ER-LBD:C1CCC(C1)C2CCC3CC(CCC3C2)OC4CCC(CO4)OC5CCCCO5:3.SR-HSE:C1CCC(C1)C2CCC3CC(CCC3C2)OC4CCC(CO4)OC5CCCCO5:0.NR-AR:C1CCC(C1)C2CCC3CC(CCC3C2)OC4CCC(CO4)OC5CCCCO5:0.NR-Aromatase:C1CCC(C1)C2CCC3CC(CCC3C2)OC4CCC(CO4)OC5CCCCO5:3.SR-ATAD5:C1CCC(C1)C2CCC3CC(CCC3C2)OC4CCC(CO4)OC5CCCCO5:1.NR-AR-LBD:C1CCC(C1)C2CCC3CC(CCC3C2)OC4CCC(CO4)OC5CCCCO5:3.NR-PPAR-gamma:C1CCC(C1)C2CCC3CC(CCC3C2)OC4CCC(CO4)OC5CCCCO5:1,14
SR-MMP:C(CC1CCC2CC(CCC2C1)OC3CCC(CO3)OC4CCCCO4)CC5=CCOC5:9.SR-ARE:C(CC1CCC2CC(CCC2C1)OC3CCC(CO3)OC4CCCCO4)CC5=CCOC5:0.NR-AhR:C(CC1CCC2CC(CCC2C1)OC3CCC(CO3)OC4CCCCO4)CC5=CCOC5:0.NR-ER:C(CC1CCC2CC(CCC2C1)OC3CCC(CO3)OC4CCCCO4)CC5=CCOC5:1.SR-p53:C(CC1CCC2CC(CCC2C1)OC3CCC(CO3)OC4CCCCO4)CC5=CCOC5:6.NR-ER-LBD:C(CC1CCC2CC(CCC2C1)OC3CCC(CO3)OC4CCCCO4)CC5=CCOC5:1.SR-HSE:C(CC1CCC2CC(CCC2C1)OC3CCC(CO3)OC4CCCCO4)CC5=CCOC5:0.NR-AR:C(CC1CCC2CC(CCC2C1)OC3CCC(CO3)OC4CCCCO4)CC5=CCOC5:0.NR-Aromatase:C(CC1CCC2CC(CCC2C1)OC3CCC(CO3)OC4CCCCO4)CC5=CCOC5:3.SR-ATAD5:C(CC1CCC2CC(CCC2C1)OC3CCC(CO3)OC4CCCCO4)CC5=CCOC5:0.NR-AR-LBD:C(CC1CCC2CC(CCC2C1)OC3CCC(CO3)OC4CCCCO4)CC5=CCOC5:3.NR-PPAR-gamma:C(CC1CCC2CC(CCC2C1)OC3CCC(CO3)OC4CCCCO4)CC5=CCOC5:1,12
SR-MMP:C(CC1CCC(CC1)OC2CCC(CO2)OC3CCCCO3)C4CCC(C4)C5=CCOC5:9.SR-ARE:C(CC1CCC(CC1)OC2CCC(CO2)OC3CCCCO3)C4CCC(C4)C5=CCOC5:0.NR-AhR:C(CC1CCC(CC1)OC2CCC(CO2)OC3CCCCO3)C4CCC(C4)C5=CCOC5:0.NR-ER:C(CC1CCC(CC1)OC2CCC(CO2)OC3CCCCO3)C4CCC(C4)C5=CCOC5:1.SR-p53:C(CC1CCC(CC1)OC2CCC(CO2)OC3CCCCO3)C4CCC(C4)C5=CCOC5:6.NR-ER-LBD:C(CC1CCC(CC1)OC2CCC(CO2)OC3CCCCO3)C4CCC(C4)C5=CCOC5:1.SR-HSE:C(CC1CCC(CC1)OC2CCC(CO2)OC3CCCCO3)C4CCC(C4)C5=CCOC5:0.NR-AR:C(CC1CCC(CC1)OC2CCC(CO2)OC3CCCCO3)C4CCC(C4)C5=CCOC5:0.NR-Aromatase:C(CC1CCC(CC1)OC2CCC(CO2)OC3CCCCO3)C4CCC(C4)C5=CCOC5:3.SR-ATAD5:C(CC1CCC(CC1)OC2CCC(CO2)OC3CCCCO3)C4CCC(C4)C5=CCOC5:0.NR-AR-LBD:C(CC1CCC(CC1)OC2CCC(CO2)OC3CCCCO3)C4CCC(C4)C5=CCOC5:3.NR-PPAR-gamma:C(CC1CCC(CC1)OC2CCC(CO2)OC3CCCCO3)C4CCC(C4)C5=CCOC5:1,12
SR-MMP:C1CCC(CC1)C2CCC(CC2)OC3CCC(CO3)OC4CCC(CO4)OC5CCCCO5:9.SR-ARE:C1CCC(CC1)C2CCC(CC2)OC3CCC(CO3)OC4CCC(CO4)OC5CCCCO5:0.NR-AhR:C1CCC(CC1)C2CCC(CC2)OC3CCC(CO3)OC4CCC(CO4)OC5CCCCO5:0.NR-ER:C1CCC(CC1)C2CCC(CC2)OC3CCC(CO3)OC4CCC(CO4)OC5CCCCO5:1.SR-p53:C1CCC(CC1)C2CCC(CC2)OC3CCC(CO3)OC4CCC(CO4)OC5CCCCO5:6.NR-ER-LBD:C1CCC(CC1)C2CCC(CC2)OC3CCC(CO3)OC4CCC(CO4)OC5CCCCO5:1.SR-HSE:C1CCC(CC1)C2CCC(CC2)OC3CCC(CO3)OC4CCC(CO4)OC5CCCCO5:0.NR-AR:C1CCC(CC1)C2CCC(CC2)OC3CCC(CO3)OC4CCC(CO4)OC5CCCCO5:0.NR-Aromatase:C1CCC(CC1)C2CCC(CC2)OC3CCC(CO3)OC4CCC(CO4)OC5CCCCO5:3.SR-ATAD5:C1CCC(CC1)C2CCC(CC2)OC3CCC(CO3)OC4CCC(CO4)OC5CCCCO5:0.NR-AR-LBD:C1CCC(CC1)C2CCC(CC2)OC3CCC(CO3)OC4CCC(CO4)OC5CCCCO5:3.NR-PPAR-gamma:C1CCC(CC1)C2CCC(CC2)OC3CCC(CO3)OC4CCC(CO4)OC5CCCCO5:1,12
SR-MMP:O=C1OC2CCOC(C2)CC=CCCC=CC=C3COC4CC=CC1C34:7.SR-ARE:O=C1OC2CCOC(C2)CC=CCCC=CC=C3COC4CC=CC1C34:1.NR-AhR:O=C1OC2CCOC(C2)CC=CCCC=CC=C3COC4CC=CC1C34:0.NR-ER:O=C1OC2CCOC(C2)CC=CCCC=CC=C3COC4CC=CC1C34:0.SR-p53:O=C1OC2CCOC(C2)CC=CCCC=CC=C3COC4CC=CC1C34:0.NR-ER-LBD:O=C1OC2CCOC(C2)CC=CCCC=CC=C3COC4CC=CC1C34:0.SR-HSE:O=C1OC2CCOC(C2)CC=CCCC=CC=C3COC4CC=CC1C34:1.NR-AR:O=C1OC2CCOC(C2)CC=CCCC=CC=C3COC4CC=CC1C34:1.NR-Aromatase:O=C1OC2CCOC(C2)CC=CCCC=CC=C3COC4CC=CC1C34:0.SR-ATAD5:O=C1OC2CCOC(C2)CC=CCCC=CC=C3COC4CC=CC1C34:0.NR-AR-LBD:O=C1OC2CCOC(C2)CC=CCCC=CC=C3COC4CC=CC1C34:1.NR-PPAR-gamma:O=C1OC2CCOC(C2)CC=CCCC=CC=C3COC4CC=CC1C34:0,11
SR-MMP:C1CCC(CC1)OC2CCC(CO2)OC3CCC(CO3)OC4CCCCO4:9.SR-ARE:C1CCC(CC1)OC2CCC(CO2)OC3CCC(CO3)OC4CCCCO4:0.NR-AhR:C1CCC(CC1)OC2CCC(CO2)OC3CCC(CO3)OC4CCCCO4:0.NR-ER:C1CCC(CC1)OC2CCC(CO2)OC3CCC(CO3)OC4CCCCO4:1.SR-p53:C1CCC(CC1)OC2CCC(CO2)OC3CCC(CO3)OC4CCCCO4:6.NR-ER-LBD:C1CCC(CC1)OC2CCC(CO2)OC3CCC(CO3)OC4CCCCO4:1.SR-HSE:C1CCC(CC1)OC2CCC(CO2)OC3CCC(CO3)OC4CCCCO4:0.NR-AR:C1CCC(CC1)OC2CCC(CO2)OC3CCC(CO3)OC4CCCCO4:0.NR-Aromatase:C1CCC(CC1)OC2CCC(CO2)OC3CCC(CO3)OC4CCCCO4:3.SR-ATAD5:C1CCC(CC1)OC2CCC(CO2)OC3CCC(CO3)OC4CCCCO4:0.NR-AR-LBD:C1CCC(CC1)OC2CCC(CO2)OC3CCC(CO3)OC4CCCCO4:3.NR-PPAR-gamma:C1CCC(CC1)OC2CCC(CO2)OC3CCC(CO3)OC4CCCCO4:1,12
SR-MMP:C1CCC2CC(NCC2C1)C3=CC4=C(N3)C=CC=C4:2.SR-ARE:C1CCC2CC(NCC2C1)C3=CC4=C(N3)C=CC=C4:0.NR-AhR:C1CCC2CC(NCC2C1)C3=CC4=C(N3)C=CC=C4:7.NR-ER:C1CCC2CC(NCC2C1)C3=CC4=C(N3)C=CC=C4:0.SR-p53:C1CCC2CC(NCC2C1)C3=CC4=C(N3)C=CC=C4:0.NR-ER-LBD:C1CCC2CC(NCC2C1)C3=CC4=C(N3)C=CC=C4:1.SR-HSE:C1CCC2CC(NCC2C1)C3=CC4=C(N3)C=CC=C4:0.NR-AR:C1CCC2CC(NCC2C1)C3=CC4=C(N3)C=CC=C4:0.NR-Aromatase:C1CCC2CC(NCC2C1)C3=CC4=C(N3)C=CC=C4:1.SR-ATAD5:C1CCC2CC(NCC2C1)C3=CC4=C(N3)C=CC=C4:0.NR-AR-LBD:C1CCC2CC(NCC2C1)C3=CC4=C(N3)C=CC=C4:0.NR-PPAR-gamma:C1CCC2CC(NCC2C1)C3=CC4=C(N3)C=CC=C4:0,16
SR-MMP:C(CC1=CC=CC=C1)OC2CC3CCC(C2)[NH2+]3:0.SR-ARE:C(CC1=CC=CC=C1)OC2CC3CCC(C2)[NH2+]3:0.NR-AhR:C(CC1=CC=CC=C1)OC2CC3CCC(C2)[NH2+]3:0.NR-ER:C(CC1=CC=CC=C1)OC2CC3CCC(C2)[NH2+]3:2.SR-p53:C(CC1=CC=CC=C1)OC2CC3CCC(C2)[NH2+]3:0.NR-ER-LBD:C(CC1=CC=CC=C1)OC2CC3CCC(C2)[NH2+]3:0.SR-HSE:C(CC1=CC=CC=C1)OC2CC3CCC(C2)[NH2+]3:0.NR-AR:C(CC1=CC=CC=C1)OC2CC3CCC(C2)[NH2+]3:1.NR-Aromatase:C(CC1=CC=CC=C1)OC2CC3CCC(C2)[NH2+]3:0.SR-ATAD5:C(CC1=CC=CC=C1)OC2CC3CCC(C2)[NH2+]3:0.NR-AR-LBD:C(CC1=CC=CC=C1)OC2CC3CCC(C2)[NH2+]3:0.NR-PPAR-gamma:C(CC1=CC=CC=C1)OC2CC3CCC(C2)[NH2+]3:0,16
SR-MMP:O=C1C=CNC2=C1C=CC(=C2)N3CCNCC3:0.SR-ARE:O=C1C=CNC2=C1C=CC(=C2)N3CCNCC3:1.NR-AhR:O=C1C=CNC2=C1C=CC(=C2)N3CCNCC3:0.NR-ER:O=C1C=CNC2=C1C=CC(=C2)N3CCNCC3:3.SR-p53:O=C1C=CNC2=C1C=CC(=C2)N3CCNCC3:0.NR-ER-LBD:O=C1C=CNC2=C1C=CC(=C2)N3CCNCC3:1.SR-HSE:O=C1C=CNC2=C1C=CC(=C2)N3CCNCC3:0.NR-AR:O=C1C=CNC2=C1C=CC(=C2)N3CCNCC3:4.NR-Aromatase:O=C1C=CNC2=C1C=CC(=C2)N3CCNCC3:0.SR-ATAD5:O=C1C=CNC2=C1C=CC(=C2)N3CCNCC3:0.NR-AR-LBD:O=C1C=CNC2=C1C=CC(=C2)N3CCNCC3:2.NR-PPAR-gamma:O=C1C=CNC2=C1C=CC(=C2)N3CCNCC3:0,35
SR-MMP:C1CC2CCC3C(CCC4=C3C=CC=C4)C2C1:13.SR-ARE:C1CC2CCC3C(CCC4=C3C=CC=C4)C2C1:2.NR-AhR:C1CC2CCC3C(CCC4=C3C=CC=C4)C2C1:0.NR-ER:C1CC2CCC3C(CCC4=C3C=CC=C4)C2C1:28.SR-p53:C1CC2CCC3C(CCC4=C3C=CC=C4)C2C1:10.NR-ER-LBD:C1CC2CCC3C(CCC4=C3C=CC=C4)C2C1:28.SR-HSE:C1CC2CCC3C(CCC4=C3C=CC=C4)C2C1:1.NR-AR:C1CC2CCC3C(CCC4=C3C=CC=C4)C2C1:18.NR-Aromatase:C1CC2CCC3C(CCC4=C3C=CC=C4)C2C1:3.SR-ATAD5:C1CC2CCC3C(CCC4=C3C=CC=C4)C2C1:0.NR-AR-LBD:C1CC2CCC3C(CCC4=C3C=CC=C4)C2C1:15.NR-PPAR-gamma:C1CC2CCC3C(CCC4=C3C=CC=C4)C2C1:0,42
SR-MMP:C(CC1CCC2CC(CC3=CCOC3)CCC2C1)OC4CCC(CO4)OC5CCCCO5:9.SR-ARE:C(CC1CCC2CC(CC3=CCOC3)CCC2C1)OC4CCC(CO4)OC5CCCCO5:0.NR-AhR:C(CC1CCC2CC(CC3=CCOC3)CCC2C1)OC4CCC(CO4)OC5CCCCO5:0.NR-ER:C(CC1CCC2CC(CC3=CCOC3)CCC2C1)OC4CCC(CO4)OC5CCCCO5:1.SR-p53:C(CC1CCC2CC(CC3=CCOC3)CCC2C1)OC4CCC(CO4)OC5CCCCO5:6.NR-ER-LBD:C(CC1CCC2CC(CC3=CCOC3)CCC2C1)OC4CCC(CO4)OC5CCCCO5:1.SR-HSE:C(CC1CCC2CC(CC3=CCOC3)CCC2C1)OC4CCC(CO4)OC5CCCCO5:0.NR-AR:C(CC1CCC2CC(CC3=CCOC3)CCC2C1)OC4CCC(CO4)OC5CCCCO5:0.NR-Aromatase:C(CC1CCC2CC(CC3=CCOC3)CCC2C1)OC4CCC(CO4)OC5CCCCO5:3.SR-ATAD5:C(CC1CCC2CC(CC3=CCOC3)CCC2C1)OC4CCC(CO4)OC5CCCCO5:0.NR-AR-LBD:C(CC1CCC2CC(CC3=CCOC3)CCC2C1)OC4CCC(CO4)OC5CCCCO5:3.NR-PPAR-gamma:C(CC1CCC2CC(CC3=CCOC3)CCC2C1)OC4CCC(CO4)OC5CCCCO5:1,12
SR-MMP:C(OC1CCCCO1)C2=CCC3=C(C2)C=C4C=CC=CC4=C3:6.SR-ARE:C(OC1CCCCO1)C2=CCC3=C(C2)C=C4C=CC=CC4=C3:2.NR-AhR:C(OC1CCCCO1)C2=CCC3=C(C2)C=C4C=CC=CC4=C3:0.NR-ER:C(OC1CCCCO1)C2=CCC3=C(C2)C=C4C=CC=CC4=C3:1.SR-p53:C(OC1CCCCO1)C2=CCC3=C(C2)C=C4C=CC=CC4=C3:8.NR-ER-LBD:C(OC1CCCCO1)C2=CCC3=C(C2)C=C4C=CC=CC4=C3:7.SR-HSE:C(OC1CCCCO1)C2=CCC3=C(C2)C=C4C=CC=CC4=C3:0.NR-AR:C(OC1CCCCO1)C2=CCC3=C(C2)C=C4C=CC=CC4=C3:0.NR-Aromatase:C(OC1CCCCO1)C2=CCC3=C(C2)C=C4C=CC=CC4=C3:6.SR-ATAD5:C(OC1CCCCO1)C2=CCC3=C(C2)C=C4C=CC=CC4=C3:8.NR-AR-LBD:C(OC1CCCCO1)C2=CCC3=C(C2)C=C4C=CC=CC4=C3:8.NR-PPAR-gamma:C(OC1CCCCO1)C2=CCC3=C(C2)C=C4C=CC=CC4=C3:0,14
SR-MMP:C1OCC(O1)C2CCC3C(CCC4=CCC=CC34)C2:1.SR-ARE:C1OCC(O1)C2CCC3C(CCC4=CCC=CC34)C2:1.NR-AhR:C1OCC(O1)C2CCC3C(CCC4=CCC=CC34)C2:0.NR-ER:C1OCC(O1)C2CCC3C(CCC4=CCC=CC34)C2:2.SR-p53:C1OCC(O1)C2CCC3C(CCC4=CCC=CC34)C2:0.NR-ER-LBD:C1OCC(O1)C2CCC3C(CCC4=CCC=CC34)C2:1.SR-HSE:C1OCC(O1)C2CCC3C(CCC4=CCC=CC34)C2:0.NR-AR:C1OCC(O1)C2CCC3C(CCC4=CCC=CC34)C2:13.NR-Aromatase:C1OCC(O1)C2CCC3C(CCC4=CCC=CC34)C2:0.SR-ATAD5:C1OCC(O1)C2CCC3C(CCC4=CCC=CC34)C2:0.NR-AR-LBD:C1OCC(O1)C2CCC3C(CCC4=CCC=CC34)C2:2.NR-PPAR-gamma:C1OCC(O1)C2CCC3C(CCC4=CCC=CC34)C2:0,19
SR-MMP:O=C1NC2=C(C=CC=C2)N1C3CCNCC3:0.SR-ARE:O=C1NC2=C(C=CC=C2)N1C3CCNCC3:1.NR-AhR:O=C1NC2=C(C=CC=C2)N1C3CCNCC3:1.NR-ER:O=C1NC2=C(C=CC=C2)N1C3CCNCC3:0.SR-p53:O=C1NC2=C(C=CC=C2)N1C3CCNCC3:0.NR-ER-LBD:O=C1NC2=C(C=CC=C2)N1C3CCNCC3:0.SR-HSE:O=C1NC2=C(C=CC=C2)N1C3CCNCC3:0.NR-AR:O=C1NC2=C(C=CC=C2)N1C3CCNCC3:0.NR-Aromatase:O=C1NC2=C(C=CC=C2)N1C3CCNCC3:1.SR-ATAD5:O=C1NC2=C(C=CC=C2)N1C3CCNCC3:0.NR-AR-LBD:O=C1NC2=C(C=CC=C2)N1C3CCNCC3:0.NR-PPAR-gamma:O=C1NC2=C(C=CC=C2)N1C3CCNCC3:0,11
SR-MMP:C1CCC2=C(C1)CC3=C(C2)C=C4C=CC=CC4=C3:6.SR-ARE:C1CCC2=C(C1)CC3=C(C2)C=C4C=CC=CC4=C3:2.NR-AhR:C1CCC2=C(C1)CC3=C(C2)C=C4C=CC=CC4=C3:0.NR-ER:C1CCC2=C(C1)CC3=C(C2)C=C4C=CC=CC4=C3:1.SR-p53:C1CCC2=C(C1)CC3=C(C2)C=C4C=CC=CC4=C3:8.NR-ER-LBD:C1CCC2=C(C1)CC3=C(C2)C=C4C=CC=CC4=C3:7.SR-HSE:C1CCC2=C(C1)CC3=C(C2)C=C4C=CC=CC4=C3:0.NR-AR:C1CCC2=C(C1)CC3=C(C2)C=C4C=CC=CC4=C3:0.NR-Aromatase:C1CCC2=C(C1)CC3=C(C2)C=C4C=CC=CC4=C3:6.SR-ATAD5:C1CCC2=C(C1)CC3=C(C2)C=C4C=CC=CC4=C3:8.NR-AR-LBD:C1CCC2=C(C1)CC3=C(C2)C=C4C=CC=CC4=C3:8.NR-PPAR-gamma:C1CCC2=C(C1)CC3=C(C2)C=C4C=CC=CC4=C3:0,14
SR-MMP:O=C1C=CC2CC(CCC3COCO3)CCC2=C1:1.SR-ARE:O=C1C=CC2CC(CCC3COCO3)CCC2=C1:1.NR-AhR:O=C1C=CC2CC(CCC3COCO3)CCC2=C1:0.NR-ER:O=C1C=CC2CC(CCC3COCO3)CCC2=C1:2.SR-p53:O=C1C=CC2CC(CCC3COCO3)CCC2=C1:0.NR-ER-LBD:O=C1C=CC2CC(CCC3COCO3)CCC2=C1:1.SR-HSE:O=C1C=CC2CC(CCC3COCO3)CCC2=C1:0.NR-AR:O=C1C=CC2CC(CCC3COCO3)CCC2=C1:13.NR-Aromatase:O=C1C=CC2CC(CCC3COCO3)CCC2=C1:0.SR-ATAD5:O=C1C=CC2CC(CCC3COCO3)CCC2=C1:0.NR-AR-LBD:O=C1C=CC2CC(CCC3COCO3)CCC2=C1:2.NR-PPAR-gamma:O=C1C=CC2CC(CCC3COCO3)CCC2=C1:0,19
SR-MMP:O=C1C=CC(C=C1)C2CCC(CC2)C3COCO3:1.SR-ARE:O=C1C=CC(C=C1)C2CCC(CC2)C3COCO3:1.NR-AhR:O=C1C=CC(C=C1)C2CCC(CC2)C3COCO3:0.NR-ER:O=C1C=CC(C=C1)C2CCC(CC2)C3COCO3:2.SR-p53:O=C1C=CC(C=C1)C2CCC(CC2)C3COCO3:0.NR-ER-LBD:O=C1C=CC(C=C1)C2CCC(CC2)C3COCO3:1.SR-HSE:O=C1C=CC(C=C1)C2CCC(CC2)C3COCO3:0.NR-AR:O=C1C=CC(C=C1)C2CCC(CC2)C3COCO3:13.NR-Aromatase:O=C1C=CC(C=C1)C2CCC(CC2)C3COCO3:0.SR-ATAD5:O=C1C=CC(C=C1)C2CCC(CC2)C3COCO3:0.NR-AR-LBD:O=C1C=CC(C=C1)C2CCC(CC2)C3COCO3:2.NR-PPAR-gamma:O=C1C=CC(C=C1)C2CCC(CC2)C3COCO3:0,19
SR-MMP:C1CC2OC3=C(C=CC=C3)C24CCNCC4C1:0.SR-ARE:C1CC2OC3=C(C=CC=C3)C24CCNCC4C1:0.NR-AhR:C1CC2OC3=C(C=CC=C3)C24CCNCC4C1:0.NR-ER:C1CC2OC3=C(C=CC=C3)C24CCNCC4C1:1.SR-p53:C1CC2OC3=C(C=CC=C3)C24CCNCC4C1:0.NR-ER-LBD:C1CC2OC3=C(C=CC=C3)C24CCNCC4C1:0.SR-HSE:C1CC2OC3=C(C=CC=C3)C24CCNCC4C1:1.NR-AR:C1CC2OC3=C(C=CC=C3)C24CCNCC4C1:0.NR-Aromatase:C1CC2OC3=C(C=CC=C3)C24CCNCC4C1:0.SR-ATAD5:C1CC2OC3=C(C=CC=C3)C24CCNCC4C1:0.NR-AR-LBD:C1CC2OC3=C(C=CC=C3)C24CCNCC4C1:0.NR-PPAR-gamma:C1CC2OC3=C(C=CC=C3)C24CCNCC4C1:0,11
SR-MMP:C1CCC23CCNC(CC4=C2C=CC=C4)C3C1:0.SR-ARE:C1CCC23CCNC(CC4=C2C=CC=C4)C3C1:0.NR-AhR:C1CCC23CCNC(CC4=C2C=CC=C4)C3C1:0.NR-ER:C1CCC23CCNC(CC4=C2C=CC=C4)C3C1:1.SR-p53:C1CCC23CCNC(CC4=C2C=CC=C4)C3C1:0.NR-ER-LBD:C1CCC23CCNC(CC4=C2C=CC=C4)C3C1:0.SR-HSE:C1CCC23CCNC(CC4=C2C=CC=C4)C3C1:1.NR-AR:C1CCC23CCNC(CC4=C2C=CC=C4)C3C1:1.NR-Aromatase:C1CCC23CCNC(CC4=C2C=CC=C4)C3C1:0.SR-ATAD5:C1CCC23CCNC(CC4=C2C=CC=C4)C3C1:0.NR-AR-LBD:C1CCC23CCNC(CC4=C2C=CC=C4)C3C1:0.NR-PPAR-gamma:C1CCC23CCNC(CC4=C2C=CC=C4)C3C1:0,16
SR-MMP:O=C1C=C(COC2CCCCO2)C(=O)C3=C1C=CC=C3:6.SR-ARE:O=C1C=C(COC2CCCCO2)C(=O)C3=C1C=CC=C3:2.NR-AhR:O=C1C=C(COC2CCCCO2)C(=O)C3=C1C=CC=C3:0.NR-ER:O=C1C=C(COC2CCCCO2)C(=O)C3=C1C=CC=C3:1.SR-p53:O=C1C=C(COC2CCCCO2)C(=O)C3=C1C=CC=C3:8.NR-ER-LBD:O=C1C=C(COC2CCCCO2)C(=O)C3=C1C=CC=C3:7.SR-HSE:O=C1C=C(COC2CCCCO2)C(=O)C3=C1C=CC=C3:0.NR-AR:O=C1C=C(COC2CCCCO2)C(=O)C3=C1C=CC=C3:0.NR-Aromatase:O=C1C=C(COC2CCCCO2)C(=O)C3=C1C=CC=C3:6.SR-ATAD5:O=C1C=C(COC2CCCCO2)C(=O)C3=C1C=CC=C3:8.NR-AR-LBD:O=C1C=C(COC2CCCCO2)C(=O)C3=C1C=CC=C3:8.NR-PPAR-gamma:O=C1C=C(COC2CCCCO2)C(=O)C3=C1C=CC=C3:0,14
SR-MMP:C1OC2=C3C(CC4CC13CCN4)=CC=C2:0.SR-ARE:C1OC2=C3C(CC4CC13CCN4)=CC=C2:2.NR-AhR:C1OC2=C3C(CC4CC13CCN4)=CC=C2:0.NR-ER:C1OC2=C3C(CC4CC13CCN4)=CC=C2:1.SR-p53:C1OC2=C3C(CC4CC13CCN4)=CC=C2:0.NR-ER-LBD:C1OC2=C3C(CC4CC13CCN4)=CC=C2:0.SR-HSE:C1OC2=C3C(CC4CC13CCN4)=CC=C2:2.NR-AR:C1OC2=C3C(CC4CC13CCN4)=CC=C2:1.NR-Aromatase:C1OC2=C3C(CC4CC13CCN4)=CC=C2:0.SR-ATAD5:C1OC2=C3C(CC4CC13CCN4)=CC=C2:0.NR-AR-LBD:C1OC2=C3C(CC4CC13CCN4)=CC=C2:0.NR-PPAR-gamma:C1OC2=C3C(CC4CC13CCN4)=CC=C2:0,21
SR-MMP:O=C1C2=C(CCCC2)C(=O)C3=C1C=CC=C3:6.SR-ARE:O=C1C2=C(CCCC2)C(=O)C3=C1C=CC=C3:2.NR-AhR:O=C1C2=C(CCCC2)C(=O)C3=C1C=CC=C3:0.NR-ER:O=C1C2=C(CCCC2)C(=O)C3=C1C=CC=C3:1.SR-p53:O=C1C2=C(CCCC2)C(=O)C3=C1C=CC=C3:8.NR-ER-LBD:O=C1C2=C(CCCC2)C(=O)C3=C1C=CC=C3:7.SR-HSE:O=C1C2=C(CCCC2)C(=O)C3=C1C=CC=C3:0.NR-AR:O=C1C2=C(CCCC2)C(=O)C3=C1C=CC=C3:0.NR-Aromatase:O=C1C2=C(CCCC2)C(=O)C3=C1C=CC=C3:6.SR-ATAD5:O=C1C2=C(CCCC2)C(=O)C3=C1C=CC=C3:8.NR-AR-LBD:O=C1C2=C(CCCC2)C(=O)C3=C1C=CC=C3:8.NR-PPAR-gamma:O=C1C2=C(CCCC2)C(=O)C3=C1C=CC=C3:0,14
SR-MMP:C1CC2OC3=C4C2C(C1)CCC4=CC=C3:0.SR-ARE:C1CC2OC3=C4C2C(C1)CCC4=CC=C3:0.NR-AhR:C1CC2OC3=C4C2C(C1)CCC4=CC=C3:0.NR-ER:C1CC2OC3=C4C2C(C1)CCC4=CC=C3:1.SR-p53:C1CC2OC3=C4C2C(C1)CCC4=CC=C3:0.NR-ER-LBD:C1CC2OC3=C4C2C(C1)CCC4=CC=C3:0.SR-HSE:C1CC2OC3=C4C2C(C1)CCC4=CC=C3:1.NR-AR:C1CC2OC3=C4C2C(C1)CCC4=CC=C3:0.NR-Aromatase:C1CC2OC3=C4C2C(C1)CCC4=CC=C3:0.SR-ATAD5:C1CC2OC3=C4C2C(C1)CCC4=CC=C3:0.NR-AR-LBD:C1CC2OC3=C4C2C(C1)CCC4=CC=C3:0.NR-PPAR-gamma:C1CC2OC3=C4C2C(C1)CCC4=CC=C3:0,11
SR-MMP:O=C1C=CC2C3CCC4CCCC4C3CCC2=C1:11.SR-ARE:O=C1C=CC2C3CCC4CCCC4C3CCC2=C1:5.NR-AhR:O=C1C=CC2C3CCC4CCCC4C3CCC2=C1:2.NR-ER:O=C1C=CC2C3CCC4CCCC4C3CCC2=C1:10.SR-p53:O=C1C=CC2C3CCC4CCCC4C3CCC2=C1:0.NR-ER-LBD:O=C1C=CC2C3CCC4CCCC4C3CCC2=C1:2.SR-HSE:O=C1C=CC2C3CCC4CCCC4C3CCC2=C1:0.NR-AR:O=C1C=CC2C3CCC4CCCC4C3CCC2=C1:64.NR-Aromatase:O=C1C=CC2C3CCC4CCCC4C3CCC2=C1:0.SR-ATAD5:O=C1C=CC2C3CCC4CCCC4C3CCC2=C1:0.NR-AR-LBD:O=C1C=CC2C3CCC4CCCC4C3CCC2=C1:47.NR-PPAR-gamma:O=C1C=CC2C3CCC4CCCC4C3CCC2=C1:0,98
SR-MMP:C1CCN2CCC3=C(NC4=C3C=CC=C4)C2C1:2.SR-ARE:C1CCN2CCC3=C(NC4=C3C=CC=C4)C2C1:0.NR-AhR:C1CCN2CCC3=C(NC4=C3C=CC=C4)C2C1:5.NR-ER:C1CCN2CCC3=C(NC4=C3C=CC=C4)C2C1:0.SR-p53:C1CCN2CCC3=C(NC4=C3C=CC=C4)C2C1:1.NR-ER-LBD:C1CCN2CCC3=C(NC4=C3C=CC=C4)C2C1:1.SR-HSE:C1CCN2CCC3=C(NC4=C3C=CC=C4)C2C1:0.NR-AR:C1CCN2CCC3=C(NC4=C3C=CC=C4)C2C1:0.NR-Aromatase:C1CCN2CCC3=C(NC4=C3C=CC=C4)C2C1:2.SR-ATAD5:C1CCN2CCC3=C(NC4=C3C=CC=C4)C2C1:0.NR-AR-LBD:C1CCN2CCC3=C(NC4=C3C=CC=C4)C2C1:0.NR-PPAR-gamma:C1CCN2CCC3=C(NC4=C3C=CC=C4)C2C1:0,19
SR-MMP:C1CCC(OC2CCC(OC3CCC4C(CCC5CCCCC45)C3)OC2)OC1:9.SR-ARE:C1CCC(OC2CCC(OC3CCC4C(CCC5CCCCC45)C3)OC2)OC1:0.NR-AhR:C1CCC(OC2CCC(OC3CCC4C(CCC5CCCCC45)C3)OC2)OC1:0.NR-ER:C1CCC(OC2CCC(OC3CCC4C(CCC5CCCCC45)C3)OC2)OC1:1.SR-p53:C1CCC(OC2CCC(OC3CCC4C(CCC5CCCCC45)C3)OC2)OC1:6.NR-ER-LBD:C1CCC(OC2CCC(OC3CCC4C(CCC5CCCCC45)C3)OC2)OC1:3.SR-HSE:C1CCC(OC2CCC(OC3CCC4C(CCC5CCCCC45)C3)OC2)OC1:0.NR-AR:C1CCC(OC2CCC(OC3CCC4C(CCC5CCCCC45)C3)OC2)OC1:0.NR-Aromatase:C1CCC(OC2CCC(OC3CCC4C(CCC5CCCCC45)C3)OC2)OC1:3.SR-ATAD5:C1CCC(OC2CCC(OC3CCC4C(CCC5CCCCC45)C3)OC2)OC1:1.NR-AR-LBD:C1CCC(OC2CCC(OC3CCC4C(CCC5CCCCC45)C3)OC2)OC1:3.NR-PPAR-gamma:C1CCC(OC2CCC(OC3CCC4C(CCC5CCCCC45)C3)OC2)OC1:1,14
SR-MMP:C(CC1CCC2C3CCCC3CCC2C1)OC4CCC(CO4)OC5CCCCO5:9.SR-ARE:C(CC1CCC2C3CCCC3CCC2C1)OC4CCC(CO4)OC5CCCCO5:0.NR-AhR:C(CC1CCC2C3CCCC3CCC2C1)OC4CCC(CO4)OC5CCCCO5:0.NR-ER:C(CC1CCC2C3CCCC3CCC2C1)OC4CCC(CO4)OC5CCCCO5:1.SR-p53:C(CC1CCC2C3CCCC3CCC2C1)OC4CCC(CO4)OC5CCCCO5:6.NR-ER-LBD:C(CC1CCC2C3CCCC3CCC2C1)OC4CCC(CO4)OC5CCCCO5:3.SR-HSE:C(CC1CCC2C3CCCC3CCC2C1)OC4CCC(CO4)OC5CCCCO5:0.NR-AR:C(CC1CCC2C3CCCC3CCC2C1)OC4CCC(CO4)OC5CCCCO5:0.NR-Aromatase:C(CC1CCC2C3CCCC3CCC2C1)OC4CCC(CO4)OC5CCCCO5:3.SR-ATAD5:C(CC1CCC2C3CCCC3CCC2C1)OC4CCC(CO4)OC5CCCCO5:1.NR-AR-LBD:C(CC1CCC2C3CCCC3CCC2C1)OC4CCC(CO4)OC5CCCCO5:3.NR-PPAR-gamma:C(CC1CCC2C3CCCC3CCC2C1)OC4CCC(CO4)OC5CCCCO5:1,14
SR-MMP:C(CC1CCCCC1)OC2CCC(CO2)OC3CCC(CO3)OC4CCCCO4:9.SR-ARE:C(CC1CCCCC1)OC2CCC(CO2)OC3CCC(CO3)OC4CCCCO4:0.NR-AhR:C(CC1CCCCC1)OC2CCC(CO2)OC3CCC(CO3)OC4CCCCO4:0.NR-ER:C(CC1CCCCC1)OC2CCC(CO2)OC3CCC(CO3)OC4CCCCO4:1.SR-p53:C(CC1CCCCC1)OC2CCC(CO2)OC3CCC(CO3)OC4CCCCO4:6.NR-ER-LBD:C(CC1CCCCC1)OC2CCC(CO2)OC3CCC(CO3)OC4CCCCO4:1.SR-HSE:C(CC1CCCCC1)OC2CCC(CO2)OC3CCC(CO3)OC4CCCCO4:0.NR-AR:C(CC1CCCCC1)OC2CCC(CO2)OC3CCC(CO3)OC4CCCCO4:0.NR-Aromatase:C(CC1CCCCC1)OC2CCC(CO2)OC3CCC(CO3)OC4CCCCO4:3.SR-ATAD5:C(CC1CCCCC1)OC2CCC(CO2)OC3CCC(CO3)OC4CCCCO4:0.NR-AR-LBD:C(CC1CCCCC1)OC2CCC(CO2)OC3CCC(CO3)OC4CCCCO4:3.NR-PPAR-gamma:C(CC1CCCCC1)OC2CCC(CO2)OC3CCC(CO3)OC4CCCCO4:1,12
SR-MMP:C1OC2CC=CC3COC4CCOC(C4)CC=CCCC=CC=C1C23:7.SR-ARE:C1OC2CC=CC3COC4CCOC(C4)CC=CCCC=CC=C1C23:1.NR-AhR:C1OC2CC=CC3COC4CCOC(C4)CC=CCCC=CC=C1C23:0.NR-ER:C1OC2CC=CC3COC4CCOC(C4)CC=CCCC=CC=C1C23:0.SR-p53:C1OC2CC=CC3COC4CCOC(C4)CC=CCCC=CC=C1C23:0.NR-ER-LBD:C1OC2CC=CC3COC4CCOC(C4)CC=CCCC=CC=C1C23:0.SR-HSE:C1OC2CC=CC3COC4CCOC(C4)CC=CCCC=CC=C1C23:1.NR-AR:C1OC2CC=CC3COC4CCOC(C4)CC=CCCC=CC=C1C23:1.NR-Aromatase:C1OC2CC=CC3COC4CCOC(C4)CC=CCCC=CC=C1C23:0.SR-ATAD5:C1OC2CC=CC3COC4CCOC(C4)CC=CCCC=CC=C1C23:0.NR-AR-LBD:C1OC2CC=CC3COC4CCOC(C4)CC=CCCC=CC=C1C23:1.NR-PPAR-gamma:C1OC2CC=CC3COC4CCOC(C4)CC=CCCC=CC=C1C23:0,11
SR-MMP:O=C1OCC(=C1)C2CCC3C2CCC4CCCCC34:12.SR-ARE:O=C1OCC(=C1)C2CCC3C2CCC4CCCCC34:0.NR-AhR:O=C1OCC(=C1)C2CCC3C2CCC4CCCCC34:0.NR-ER:O=C1OCC(=C1)C2CCC3C2CCC4CCCCC34:1.SR-p53:O=C1OCC(=C1)C2CCC3C2CCC4CCCCC34:6.NR-ER-LBD:O=C1OCC(=C1)C2CCC3C2CCC4CCCCC34:1.SR-HSE:O=C1OCC(=C1)C2CCC3C2CCC4CCCCC34:0.NR-AR:O=C1OCC(=C1)C2CCC3C2CCC4CCCCC34:0.NR-Aromatase:O=C1OCC(=C1)C2CCC3C2CCC4CCCCC34:6.SR-ATAD5:O=C1OCC(=C1)C2CCC3C2CCC4CCCCC34:0.NR-AR-LBD:O=C1OCC(=C1)C2CCC3C2CCC4CCCCC34:5.NR-PPAR-gamma:O=C1OCC(=C1)C2CCC3C2CCC4CCCCC34:1,16
SR-MMP:C(C1=CC=CC=C1)C2=CCCCC2OC3CCCCO3:5.SR-ARE:C(C1=CC=CC=C1)C2=CCCCC2OC3CCCCO3:2.NR-AhR:C(C1=CC=CC=C1)C2=CCCCC2OC3CCCCO3:0.NR-ER:C(C1=CC=CC=C1)C2=CCCCC2OC3CCCCO3:1.SR-p53:C(C1=CC=CC=C1)C2=CCCCC2OC3CCCCO3:5.NR-ER-LBD:C(C1=CC=CC=C1)C2=CCCCC2OC3CCCCO3:5.SR-HSE:C(C1=CC=CC=C1)C2=CCCCC2OC3CCCCO3:0.NR-AR:C(C1=CC=CC=C1)C2=CCCCC2OC3CCCCO3:0.NR-Aromatase:C(C1=CC=CC=C1)C2=CCCCC2OC3CCCCO3:5.SR-ATAD5:C(C1=CC=CC=C1)C2=CCCCC2OC3CCCCO3:5.NR-AR-LBD:C(C1=CC=CC=C1)C2=CCCCC2OC3CCCCO3:5.NR-PPAR-gamma:C(C1=CC=CC=C1)C2=CCCCC2OC3CCCCO3:0,11
SR-MMP:O=C1CCC(C=C1)C2CCC3CCCC3C2:2.SR-ARE:O=C1CCC(C=C1)C2CCC3CCCC3C2:17.NR-AhR:O=C1CCC(C=C1)C2CCC3CCCC3C2:0.NR-ER:O=C1CCC(C=C1)C2CCC3CCCC3C2:41.SR-p53:O=C1CCC(C=C1)C2CCC3CCCC3C2:3.NR-ER-LBD:O=C1CCC(C=C1)C2CCC3CCCC3C2:30.SR-HSE:O=C1CCC(C=C1)C2CCC3CCCC3C2:1.NR-AR:O=C1CCC(C=C1)C2CCC3CCCC3C2:77.NR-Aromatase:O=C1CCC(C=C1)C2CCC3CCCC3C2:4.SR-ATAD5:O=C1CCC(C=C1)C2CCC3CCCC3C2:0.NR-AR-LBD:O=C1CCC(C=C1)C2CCC3CCCC3C2:68.NR-PPAR-gamma:O=C1CCC(C=C1)C2CCC3CCCC3C2:0,118
SR-MMP:C(CC1=CC=CC=C1)NC2CN3CCSC23:0.SR-ARE:C(CC1=CC=CC=C1)NC2CN3CCSC23:0.NR-AhR:C(CC1=CC=CC=C1)NC2CN3CCSC23:0.NR-ER:C(CC1=CC=CC=C1)NC2CN3CCSC23:1.SR-p53:C(CC1=CC=CC=C1)NC2CN3CCSC23:0.NR-ER-LBD:C(CC1=CC=CC=C1)NC2CN3CCSC23:0.SR-HSE:C(CC1=CC=CC=C1)NC2CN3CCSC23:0.NR-AR:C(CC1=CC=CC=C1)NC2CN3CCSC23:1.NR-Aromatase:C(CC1=CC=CC=C1)NC2CN3CCSC23:0.SR-ATAD5:C(CC1=CC=CC=C1)NC2CN3CCSC23:0.NR-AR-LBD:C(CC1=CC=CC=C1)NC2CN3CCSC23:0.NR-PPAR-gamma:C(CC1=CC=CC=C1)NC2CN3CCSC23:0,19
SR-MMP:C1CC(CC1C2CCC3CC(CCC3C2)OC4CCCCO4)C5=CCOC5:12.SR-ARE:C1CC(CC1C2CCC3CC(CCC3C2)OC4CCCCO4)C5=CCOC5:0.NR-AhR:C1CC(CC1C2CCC3CC(CCC3C2)OC4CCCCO4)C5=CCOC5:0.NR-ER:C1CC(CC1C2CCC3CC(CCC3C2)OC4CCCCO4)C5=CCOC5:1.SR-p53:C1CC(CC1C2CCC3CC(CCC3C2)OC4CCCCO4)C5=CCOC5:6.NR-ER-LBD:C1CC(CC1C2CCC3CC(CCC3C2)OC4CCCCO4)C5=CCOC5:1.SR-HSE:C1CC(CC1C2CCC3CC(CCC3C2)OC4CCCCO4)C5=CCOC5:0.NR-AR:C1CC(CC1C2CCC3CC(CCC3C2)OC4CCCCO4)C5=CCOC5:0.NR-Aromatase:C1CC(CC1C2CCC3CC(CCC3C2)OC4CCCCO4)C5=CCOC5:6.SR-ATAD5:C1CC(CC1C2CCC3CC(CCC3C2)OC4CCCCO4)C5=CCOC5:0.NR-AR-LBD:C1CC(CC1C2CCC3CC(CCC3C2)OC4CCCCO4)C5=CCOC5:5.NR-PPAR-gamma:C1CC(CC1C2CCC3CC(CCC3C2)OC4CCCCO4)C5=CCOC5:1,16
SR-MMP:O=C1C=CC2C3CCCCC3CCC2=C1:11.SR-ARE:O=C1C=CC2C3CCCCC3CCC2=C1:6.NR-AhR:O=C1C=CC2C3CCCCC3CCC2=C1:2.NR-ER:O=C1C=CC2C3CCCCC3CCC2=C1:12.SR-p53:O=C1C=CC2C3CCCCC3CCC2=C1:0.NR-ER-LBD:O=C1C=CC2C3CCCCC3CCC2=C1:3.SR-HSE:O=C1C=CC2C3CCCCC3CCC2=C1:0.NR-AR:O=C1C=CC2C3CCCCC3CCC2=C1:66.NR-Aromatase:O=C1C=CC2C3CCCCC3CCC2=C1:1.SR-ATAD5:O=C1C=CC2C3CCCCC3CCC2=C1:0.NR-AR-LBD:O=C1C=CC2C3CCCCC3CCC2=C1:48.NR-PPAR-gamma:O=C1C=CC2C3CCCCC3CCC2=C1:0,101
SR-MMP:C1CCC(OC2CCC(OC3CCC(OC4CCC5CCCCC5C4)OC3)OC2)OC1:9.SR-ARE:C1CCC(OC2CCC(OC3CCC(OC4CCC5CCCCC5C4)OC3)OC2)OC1:0.NR-AhR:C1CCC(OC2CCC(OC3CCC(OC4CCC5CCCCC5C4)OC3)OC2)OC1:0.NR-ER:C1CCC(OC2CCC(OC3CCC(OC4CCC5CCCCC5C4)OC3)OC2)OC1:1.SR-p53:C1CCC(OC2CCC(OC3CCC(OC4CCC5CCCCC5C4)OC3)OC2)OC1:6.NR-ER-LBD:C1CCC(OC2CCC(OC3CCC(OC4CCC5CCCCC5C4)OC3)OC2)OC1:1.SR-HSE:C1CCC(OC2CCC(OC3CCC(OC4CCC5CCCCC5C4)OC3)OC2)OC1:0.NR-AR:C1CCC(OC2CCC(OC3CCC(OC4CCC5CCCCC5C4)OC3)OC2)OC1:0.NR-Aromatase:C1CCC(OC2CCC(OC3CCC(OC4CCC5CCCCC5C4)OC3)OC2)OC1:3.SR-ATAD5:C1CCC(OC2CCC(OC3CCC(OC4CCC5CCCCC5C4)OC3)OC2)OC1:0.NR-AR-LBD:C1CCC(OC2CCC(OC3CCC(OC4CCC5CCCCC5C4)OC3)OC2)OC1:3.NR-PPAR-gamma:C1CCC(OC2CCC(OC3CCC(OC4CCC5CCCCC5C4)OC3)OC2)OC1:1,12
SR-MMP:C1CC2CCC3C(CCC4=CCCCC34)C2C1:8.SR-ARE:C1CC2CCC3C(CCC4=CCCCC34)C2C1:13.NR-AhR:C1CC2CCC3C(CCC4=CCCCC34)C2C1:0.NR-ER:C1CC2CCC3C(CCC4=CCCCC34)C2C1:54.SR-p53:C1CC2CCC3C(CCC4=CCCCC34)C2C1:5.NR-ER-LBD:C1CC2CCC3C(CCC4=CCCCC34)C2C1:41.SR-HSE:C1CC2CCC3C(CCC4=CCCCC34)C2C1:2.NR-AR:C1CC2CCC3C(CCC4=CCCCC34)C2C1:78.NR-Aromatase:C1CC2CCC3C(CCC4=CCCCC34)C2C1:7.SR-ATAD5:C1CC2CCC3C(CCC4=CCCCC34)C2C1:0.NR-AR-LBD:C1CC2CCC3C(CCC4=CCCCC34)C2C1:76.NR-PPAR-gamma:C1CC2CCC3C(CCC4=CCCCC34)C2C1:0,129
SR-MMP:C(CC1=CSC=N1)NC2CN3C=CCSC23:0.SR-ARE:C(CC1=CSC=N1)NC2CN3C=CCSC23:0.NR-AhR:C(CC1=CSC=N1)NC2CN3C=CCSC23:0.NR-ER:C(CC1=CSC=N1)NC2CN3C=CCSC23:0.SR-p53:C(CC1=CSC=N1)NC2CN3C=CCSC23:0.NR-ER-LBD:C(CC1=CSC=N1)NC2CN3C=CCSC23:0.SR-HSE:C(CC1=CSC=N1)NC2CN3C=CCSC23:0.NR-AR:C(CC1=CSC=N1)NC2CN3C=CCSC23:0.NR-Aromatase:C(CC1=CSC=N1)NC2CN3C=CCSC23:0.SR-ATAD5:C(CC1=CSC=N1)NC2CN3C=CCSC23:0.NR-AR-LBD:C(CC1=CSC=N1)NC2CN3C=CCSC23:0.NR-PPAR-gamma:C(CC1=CSC=N1)NC2CN3C=CCSC23:0,17
SR-MMP:C1CNC2CC3=CNC4=C3C(=CC=C4)C2C1:0.SR-ARE:C1CNC2CC3=CNC4=C3C(=CC=C4)C2C1:0.NR-AhR:C1CNC2CC3=CNC4=C3C(=CC=C4)C2C1:2.NR-ER:C1CNC2CC3=CNC4=C3C(=CC=C4)C2C1:1.SR-p53:C1CNC2CC3=CNC4=C3C(=CC=C4)C2C1:0.NR-ER-LBD:C1CNC2CC3=CNC4=C3C(=CC=C4)C2C1:0.SR-HSE:C1CNC2CC3=CNC4=C3C(=CC=C4)C2C1:0.NR-AR:C1CNC2CC3=CNC4=C3C(=CC=C4)C2C1:0.NR-Aromatase:C1CNC2CC3=CNC4=C3C(=CC=C4)C2C1:0.SR-ATAD5:C1CNC2CC3=CNC4=C3C(=CC=C4)C2C1:0.NR-AR-LBD:C1CNC2CC3=CNC4=C3C(=CC=C4)C2C1:0.NR-PPAR-gamma:C1CNC2CC3=CNC4=C3C(=CC=C4)C2C1:0,15
SR-MMP:O=C1OCC(=C1)C2CCC(CCC3CCC(CC3)OC4CCCCO4)C2:12.SR-ARE:O=C1OCC(=C1)C2CCC(CCC3CCC(CC3)OC4CCCCO4)C2:0.NR-AhR:O=C1OCC(=C1)C2CCC(CCC3CCC(CC3)OC4CCCCO4)C2:0.NR-ER:O=C1OCC(=C1)C2CCC(CCC3CCC(CC3)OC4CCCCO4)C2:1.SR-p53:O=C1OCC(=C1)C2CCC(CCC3CCC(CC3)OC4CCCCO4)C2:6.NR-ER-LBD:O=C1OCC(=C1)C2CCC(CCC3CCC(CC3)OC4CCCCO4)C2:1.SR-HSE:O=C1OCC(=C1)C2CCC(CCC3CCC(CC3)OC4CCCCO4)C2:0.NR-AR:O=C1OCC(=C1)C2CCC(CCC3CCC(CC3)OC4CCCCO4)C2:0.NR-Aromatase:O=C1OCC(=C1)C2CCC(CCC3CCC(CC3)OC4CCCCO4)C2:6.SR-ATAD5:O=C1OCC(=C1)C2CCC(CCC3CCC(CC3)OC4CCCCO4)C2:0.NR-AR-LBD:O=C1OCC(=C1)C2CCC(CCC3CCC(CC3)OC4CCCCO4)C2:5.NR-PPAR-gamma:O=C1OCC(=C1)C2CCC(CCC3CCC(CC3)OC4CCCCO4)C2:1,16
SR-MMP:C1CC(C2CCC3C(CCC4CCCCC34)C12)C5=CCOC5:12.SR-ARE:C1CC(C2CCC3C(CCC4CCCCC34)C12)C5=CCOC5:0.NR-AhR:C1CC(C2CCC3C(CCC4CCCCC34)C12)C5=CCOC5:0.NR-ER:C1CC(C2CCC3C(CCC4CCCCC34)C12)C5=CCOC5:1.SR-p53:C1CC(C2CCC3C(CCC4CCCCC34)C12)C5=CCOC5:6.NR-ER-LBD:C1CC(C2CCC3C(CCC4CCCCC34)C12)C5=CCOC5:1.SR-HSE:C1CC(C2CCC3C(CCC4CCCCC34)C12)C5=CCOC5:0.NR-AR:C1CC(C2CCC3C(CCC4CCCCC34)C12)C5=CCOC5:0.NR-Aromatase:C1CC(C2CCC3C(CCC4CCCCC34)C12)C5=CCOC5:6.SR-ATAD5:C1CC(C2CCC3C(CCC4CCCCC34)C12)C5=CCOC5:0.NR-AR-LBD:C1CC(C2CCC3C(CCC4CCCCC34)C12)C5=CCOC5:5.NR-PPAR-gamma:C1CC(C2CCC3C(CCC4CCCCC34)C12)C5=CCOC5:1,16
SR-MMP:C(CC1CCC2=CCC=CC2C1)C3COCO3:1.SR-ARE:C(CC1CCC2=CCC=CC2C1)C3COCO3:1.NR-AhR:C(CC1CCC2=CCC=CC2C1)C3COCO3:0.NR-ER:C(CC1CCC2=CCC=CC2C1)C3COCO3:2.SR-p53:C(CC1CCC2=CCC=CC2C1)C3COCO3:0.NR-ER-LBD:C(CC1CCC2=CCC=CC2C1)C3COCO3:1.SR-HSE:C(CC1CCC2=CCC=CC2C1)C3COCO3:0.NR-AR:C(CC1CCC2=CCC=CC2C1)C3COCO3:13.NR-Aromatase:C(CC1CCC2=CCC=CC2C1)C3COCO3:0.SR-ATAD5:C(CC1CCC2=CCC=CC2C1)C3COCO3:0.NR-AR-LBD:C(CC1CCC2=CCC=CC2C1)C3COCO3:2.NR-PPAR-gamma:C(CC1CCC2=CCC=CC2C1)C3COCO3:0,19
SR-MMP:O=C1OCC(CC2CCC(CC2)C3CCC(CC3)OC4CCCCO4)=C1:12.SR-ARE:O=C1OCC(CC2CCC(CC2)C3CCC(CC3)OC4CCCCO4)=C1:0.NR-AhR:O=C1OCC(CC2CCC(CC2)C3CCC(CC3)OC4CCCCO4)=C1:0.NR-ER:O=C1OCC(CC2CCC(CC2)C3CCC(CC3)OC4CCCCO4)=C1:1.SR-p53:O=C1OCC(CC2CCC(CC2)C3CCC(CC3)OC4CCCCO4)=C1:6.NR-ER-LBD:O=C1OCC(CC2CCC(CC2)C3CCC(CC3)OC4CCCCO4)=C1:1.SR-HSE:O=C1OCC(CC2CCC(CC2)C3CCC(CC3)OC4CCCCO4)=C1:0.NR-AR:O=C1OCC(CC2CCC(CC2)C3CCC(CC3)OC4CCCCO4)=C1:0.NR-Aromatase:O=C1OCC(CC2CCC(CC2)C3CCC(CC3)OC4CCCCO4)=C1:6.SR-ATAD5:O=C1OCC(CC2CCC(CC2)C3CCC(CC3)OC4CCCCO4)=C1:0.NR-AR-LBD:O=C1OCC(CC2CCC(CC2)C3CCC(CC3)OC4CCCCO4)=C1:5.NR-PPAR-gamma:O=C1OCC(CC2CCC(CC2)C3CCC(CC3)OC4CCCCO4)=C1:1,16
SR-MMP:O=C1CCC2C3CCCCC3CCC2=C1:2.SR-ARE:O=C1CCC2C3CCCCC3CCC2=C1:11.NR-AhR:O=C1CCC2C3CCCCC3CCC2=C1:0.NR-ER:O=C1CCC2C3CCCCC3CCC2=C1:47.SR-p53:O=C1CCC2C3CCCCC3CCC2=C1:3.NR-ER-LBD:O=C1CCC2C3CCCCC3CCC2=C1:34.SR-HSE:O=C1CCC2C3CCCCC3CCC2=C1:2.NR-AR:O=C1CCC2C3CCCCC3CCC2=C1:70.NR-Aromatase:O=C1CCC2C3CCCCC3CCC2=C1:6.SR-ATAD5:O=C1CCC2C3CCCCC3CCC2=C1:0.NR-AR-LBD:O=C1CCC2C3CCCCC3CCC2=C1:67.NR-PPAR-gamma:O=C1CCC2C3CCCCC3CCC2=C1:0,111
SR-MMP:O=C1OCC(=C1)C2CCC(C2)C3CCC(CCOC4CCCCO4)CC3:12.SR-ARE:O=C1OCC(=C1)C2CCC(C2)C3CCC(CCOC4CCCCO4)CC3:0.NR-AhR:O=C1OCC(=C1)C2CCC(C2)C3CCC(CCOC4CCCCO4)CC3:0.NR-ER:O=C1OCC(=C1)C2CCC(C2)C3CCC(CCOC4CCCCO4)CC3:1.SR-p53:O=C1OCC(=C1)C2CCC(C2)C3CCC(CCOC4CCCCO4)CC3:6.NR-ER-LBD:O=C1OCC(=C1)C2CCC(C2)C3CCC(CCOC4CCCCO4)CC3:1.SR-HSE:O=C1OCC(=C1)C2CCC(C2)C3CCC(CCOC4CCCCO4)CC3:0.NR-AR:O=C1OCC(=C1)C2CCC(C2)C3CCC(CCOC4CCCCO4)CC3:0.NR-Aromatase:O=C1OCC(=C1)C2CCC(C2)C3CCC(CCOC4CCCCO4)CC3:6.SR-ATAD5:O=C1OCC(=C1)C2CCC(C2)C3CCC(CCOC4CCCCO4)CC3:0.NR-AR-LBD:O=C1OCC(=C1)C2CCC(C2)C3CCC(CCOC4CCCCO4)CC3:5.NR-PPAR-gamma:O=C1OCC(=C1)C2CCC(C2)C3CCC(CCOC4CCCCO4)CC3:1,16
SR-MMP:C(CC1CCC2C3CCC(C3CCC2C1)C4=CCOC4)OC5CCCCO5:12.SR-ARE:C(CC1CCC2C3CCC(C3CCC2C1)C4=CCOC4)OC5CCCCO5:0.NR-AhR:C(CC1CCC2C3CCC(C3CCC2C1)C4=CCOC4)OC5CCCCO5:0.NR-ER:C(CC1CCC2C3CCC(C3CCC2C1)C4=CCOC4)OC5CCCCO5:1.SR-p53:C(CC1CCC2C3CCC(C3CCC2C1)C4=CCOC4)OC5CCCCO5:6.NR-ER-LBD:C(CC1CCC2C3CCC(C3CCC2C1)C4=CCOC4)OC5CCCCO5:1.SR-HSE:C(CC1CCC2C3CCC(C3CCC2C1)C4=CCOC4)OC5CCCCO5:0.NR-AR:C(CC1CCC2C3CCC(C3CCC2C1)C4=CCOC4)OC5CCCCO5:0.NR-Aromatase:C(CC1CCC2C3CCC(C3CCC2C1)C4=CCOC4)OC5CCCCO5:6.SR-ATAD5:C(CC1CCC2C3CCC(C3CCC2C1)C4=CCOC4)OC5CCCCO5:0.NR-AR-LBD:C(CC1CCC2C3CCC(C3CCC2C1)C4=CCOC4)OC5CCCCO5:5.NR-PPAR-gamma:C(CC1CCC2C3CCC(C3CCC2C1)C4=CCOC4)OC5CCCCO5:1,16
SR-MMP:C1CC(C2CCC(CC12)C3CCC(CC3)OC4CCCCO4)C5=CCOC5:12.SR-ARE:C1CC(C2CCC(CC12)C3CCC(CC3)OC4CCCCO4)C5=CCOC5:0.NR-AhR:C1CC(C2CCC(CC12)C3CCC(CC3)OC4CCCCO4)C5=CCOC5:0.NR-ER:C1CC(C2CCC(CC12)C3CCC(CC3)OC4CCCCO4)C5=CCOC5:1.SR-p53:C1CC(C2CCC(CC12)C3CCC(CC3)OC4CCCCO4)C5=CCOC5:6.NR-ER-LBD:C1CC(C2CCC(CC12)C3CCC(CC3)OC4CCCCO4)C5=CCOC5:1.SR-HSE:C1CC(C2CCC(CC12)C3CCC(CC3)OC4CCCCO4)C5=CCOC5:0.NR-AR:C1CC(C2CCC(CC12)C3CCC(CC3)OC4CCCCO4)C5=CCOC5:0.NR-Aromatase:C1CC(C2CCC(CC12)C3CCC(CC3)OC4CCCCO4)C5=CCOC5:6.SR-ATAD5:C1CC(C2CCC(CC12)C3CCC(CC3)OC4CCCCO4)C5=CCOC5:0.NR-AR-LBD:C1CC(C2CCC(CC12)C3CCC(CC3)OC4CCCCO4)C5=CCOC5:5.NR-PPAR-gamma:C1CC(C2CCC(CC12)C3CCC(CC3)OC4CCCCO4)C5=CCOC5:1,16
SR-MMP:C1CC23C(CCCC2NC4=C3C=CC=C4)N1:1.SR-ARE:C1CC23C(CCCC2NC4=C3C=CC=C4)N1:1.NR-AhR:C1CC23C(CCCC2NC4=C3C=CC=C4)N1:0.NR-ER:C1CC23C(CCCC2NC4=C3C=CC=C4)N1:0.SR-p53:C1CC23C(CCCC2NC4=C3C=CC=C4)N1:2.NR-ER-LBD:C1CC23C(CCCC2NC4=C3C=CC=C4)N1:0.SR-HSE:C1CC23C(CCCC2NC4=C3C=CC=C4)N1:1.NR-AR:C1CC23C(CCCC2NC4=C3C=CC=C4)N1:1.NR-Aromatase:C1CC23C(CCCC2NC4=C3C=CC=C4)N1:0.SR-ATAD5:C1CC23C(CCCC2NC4=C3C=CC=C4)N1:3.NR-AR-LBD:C1CC23C(CCCC2NC4=C3C=CC=C4)N1:0.NR-PPAR-gamma:C1CC23C(CCCC2NC4=C3C=CC=C4)N1:0,13
SR-MMP:O=C1OC2CCOC(C2)CC=CCCC=CC=CC3CCC=CC13:7.SR-ARE:O=C1OC2CCOC(C2)CC=CCCC=CC=CC3CCC=CC13:1.NR-AhR:O=C1OC2CCOC(C2)CC=CCCC=CC=CC3CCC=CC13:0.NR-ER:O=C1OC2CCOC(C2)CC=CCCC=CC=CC3CCC=CC13:0.SR-p53:O=C1OC2CCOC(C2)CC=CCCC=CC=CC3CCC=CC13:0.NR-ER-LBD:O=C1OC2CCOC(C2)CC=CCCC=CC=CC3CCC=CC13:0.SR-HSE:O=C1OC2CCOC(C2)CC=CCCC=CC=CC3CCC=CC13:1.NR-AR:O=C1OC2CCOC(C2)CC=CCCC=CC=CC3CCC=CC13:1.NR-Aromatase:O=C1OC2CCOC(C2)CC=CCCC=CC=CC3CCC=CC13:0.SR-ATAD5:O=C1OC2CCOC(C2)CC=CCCC=CC=CC3CCC=CC13:0.NR-AR-LBD:O=C1OC2CCOC(C2)CC=CCCC=CC=CC3CCC=CC13:1.NR-PPAR-gamma:O=C1OC2CCOC(C2)CC=CCCC=CC=CC3CCC=CC13:0,11
SR-MMP:O=C1OCC(CCCC2CCC3CC(CCC3C2)OC4CCCCO4)=C1:12.SR-ARE:O=C1OCC(CCCC2CCC3CC(CCC3C2)OC4CCCCO4)=C1:0.NR-AhR:O=C1OCC(CCCC2CCC3CC(CCC3C2)OC4CCCCO4)=C1:0.NR-ER:O=C1OCC(CCCC2CCC3CC(CCC3C2)OC4CCCCO4)=C1:1.SR-p53:O=C1OCC(CCCC2CCC3CC(CCC3C2)OC4CCCCO4)=C1:6.NR-ER-LBD:O=C1OCC(CCCC2CCC3CC(CCC3C2)OC4CCCCO4)=C1:1.SR-HSE:O=C1OCC(CCCC2CCC3CC(CCC3C2)OC4CCCCO4)=C1:0.NR-AR:O=C1OCC(CCCC2CCC3CC(CCC3C2)OC4CCCCO4)=C1:0.NR-Aromatase:O=C1OCC(CCCC2CCC3CC(CCC3C2)OC4CCCCO4)=C1:6.SR-ATAD5:O=C1OCC(CCCC2CCC3CC(CCC3C2)OC4CCCCO4)=C1:0.NR-AR-LBD:O=C1OCC(CCCC2CCC3CC(CCC3C2)OC4CCCCO4)=C1:5.NR-PPAR-gamma:O=C1OCC(CCCC2CCC3CC(CCC3C2)OC4CCCCO4)=C1:1,16
SR-MMP:O=C1CC2COCC2=CC=CCCC=CCC3CC(CCO3)O1:7.SR-ARE:O=C1CC2COCC2=CC=CCCC=CCC3CC(CCO3)O1:1.NR-AhR:O=C1CC2COCC2=CC=CCCC=CCC3CC(CCO3)O1:0.NR-ER:O=C1CC2COCC2=CC=CCCC=CCC3CC(CCO3)O1:0.SR-p53:O=C1CC2COCC2=CC=CCCC=CCC3CC(CCO3)O1:0.NR-ER-LBD:O=C1CC2COCC2=CC=CCCC=CCC3CC(CCO3)O1:0.SR-HSE:O=C1CC2COCC2=CC=CCCC=CCC3CC(CCO3)O1:1.NR-AR:O=C1CC2COCC2=CC=CCCC=CCC3CC(CCO3)O1:1.NR-Aromatase:O=C1CC2COCC2=CC=CCCC=CCC3CC(CCO3)O1:0.SR-ATAD5:O=C1CC2COCC2=CC=CCCC=CCC3CC(CCO3)O1:0.NR-AR-LBD:O=C1CC2COCC2=CC=CCCC=CCC3CC(CCO3)O1:1.NR-PPAR-gamma:O=C1CC2COCC2=CC=CCCC=CCC3CC(CCO3)O1:0,11
SR-MMP:C(C1CCC2C(CCC3CC(CCC23)OC4CCCCO4)C1)C5=CCOC5:12.SR-ARE:C(C1CCC2C(CCC3CC(CCC23)OC4CCCCO4)C1)C5=CCOC5:0.NR-AhR:C(C1CCC2C(CCC3CC(CCC23)OC4CCCCO4)C1)C5=CCOC5:0.NR-ER:C(C1CCC2C(CCC3CC(CCC23)OC4CCCCO4)C1)C5=CCOC5:1.SR-p53:C(C1CCC2C(CCC3CC(CCC23)OC4CCCCO4)C1)C5=CCOC5:6.NR-ER-LBD:C(C1CCC2C(CCC3CC(CCC23)OC4CCCCO4)C1)C5=CCOC5:1.SR-HSE:C(C1CCC2C(CCC3CC(CCC23)OC4CCCCO4)C1)C5=CCOC5:0.NR-AR:C(C1CCC2C(CCC3CC(CCC23)OC4CCCCO4)C1)C5=CCOC5:0.NR-Aromatase:C(C1CCC2C(CCC3CC(CCC23)OC4CCCCO4)C1)C5=CCOC5:6.SR-ATAD5:C(C1CCC2C(CCC3CC(CCC23)OC4CCCCO4)C1)C5=CCOC5:0.NR-AR-LBD:C(C1CCC2C(CCC3CC(CCC23)OC4CCCCO4)C1)C5=CCOC5:5.NR-PPAR-gamma:C(C1CCC2C(CCC3CC(CCC23)OC4CCCCO4)C1)C5=CCOC5:1,16
SR-MMP:O=C1OCC(CC2CCC3CC(CCOC4CCCCO4)CCC3C2)=C1:12.SR-ARE:O=C1OCC(CC2CCC3CC(CCOC4CCCCO4)CCC3C2)=C1:0.NR-AhR:O=C1OCC(CC2CCC3CC(CCOC4CCCCO4)CCC3C2)=C1:0.NR-ER:O=C1OCC(CC2CCC3CC(CCOC4CCCCO4)CCC3C2)=C1:1.SR-p53:O=C1OCC(CC2CCC3CC(CCOC4CCCCO4)CCC3C2)=C1:6.NR-ER-LBD:O=C1OCC(CC2CCC3CC(CCOC4CCCCO4)CCC3C2)=C1:1.SR-HSE:O=C1OCC(CC2CCC3CC(CCOC4CCCCO4)CCC3C2)=C1:0.NR-AR:O=C1OCC(CC2CCC3CC(CCOC4CCCCO4)CCC3C2)=C1:0.NR-Aromatase:O=C1OCC(CC2CCC3CC(CCOC4CCCCO4)CCC3C2)=C1:6.SR-ATAD5:O=C1OCC(CC2CCC3CC(CCOC4CCCCO4)CCC3C2)=C1:0.NR-AR-LBD:O=C1OCC(CC2CCC3CC(CCOC4CCCCO4)CCC3C2)=C1:5.NR-PPAR-gamma:O=C1OCC(CC2CCC3CC(CCOC4CCCCO4)CCC3C2)=C1:1,16
SR-MMP:O=C1OCC(=C1)C2CCC3CC(CCC23)C4CCCCC4:12.SR-ARE:O=C1OCC(=C1)C2CCC3CC(CCC23)C4CCCCC4:0.NR-AhR:O=C1OCC(=C1)C2CCC3CC(CCC23)C4CCCCC4:0.NR-ER:O=C1OCC(=C1)C2CCC3CC(CCC23)C4CCCCC4:1.SR-p53:O=C1OCC(=C1)C2CCC3CC(CCC23)C4CCCCC4:6.NR-ER-LBD:O=C1OCC(=C1)C2CCC3CC(CCC23)C4CCCCC4:1.SR-HSE:O=C1OCC(=C1)C2CCC3CC(CCC23)C4CCCCC4:0.NR-AR:O=C1OCC(=C1)C2CCC3CC(CCC23)C4CCCCC4:0.NR-Aromatase:O=C1OCC(=C1)C2CCC3CC(CCC23)C4CCCCC4:6.SR-ATAD5:O=C1OCC(=C1)C2CCC3CC(CCC23)C4CCCCC4:0.NR-AR-LBD:O=C1OCC(=C1)C2CCC3CC(CCC23)C4CCCCC4:5.NR-PPAR-gamma:O=C1OCC(=C1)C2CCC3CC(CCC23)C4CCCCC4:1,16
SR-MMP:O=C1OCCCCC=CCCC=CC=C2COC3CC=CC1C23:7.SR-ARE:O=C1OCCCCC=CCCC=CC=C2COC3CC=CC1C23:1.NR-AhR:O=C1OCCCCC=CCCC=CC=C2COC3CC=CC1C23:0.NR-ER:O=C1OCCCCC=CCCC=CC=C2COC3CC=CC1C23:0.SR-p53:O=C1OCCCCC=CCCC=CC=C2COC3CC=CC1C23:0.NR-ER-LBD:O=C1OCCCCC=CCCC=CC=C2COC3CC=CC1C23:0.SR-HSE:O=C1OCCCCC=CCCC=CC=C2COC3CC=CC1C23:1.NR-AR:O=C1OCCCCC=CCCC=CC=C2COC3CC=CC1C23:1.NR-Aromatase:O=C1OCCCCC=CCCC=CC=C2COC3CC=CC1C23:0.SR-ATAD5:O=C1OCCCCC=CCCC=CC=C2COC3CC=CC1C23:0.NR-AR-LBD:O=C1OCCCCC=CCCC=CC=C2COC3CC=CC1C23:1.NR-PPAR-gamma:O=C1OCCCCC=CCCC=CC=C2COC3CC=CC1C23:0,11
SR-MMP:O=C1C=CC2CC(CCC2=C1)C3CCCC3:11.SR-ARE:O=C1C=CC2CC(CCC2=C1)C3CCCC3:6.NR-AhR:O=C1C=CC2CC(CCC2=C1)C3CCCC3:2.NR-ER:O=C1C=CC2CC(CCC2=C1)C3CCCC3:11.SR-p53:O=C1C=CC2CC(CCC2=C1)C3CCCC3:0.NR-ER-LBD:O=C1C=CC2CC(CCC2=C1)C3CCCC3:2.SR-HSE:O=C1C=CC2CC(CCC2=C1)C3CCCC3:0.NR-AR:O=C1C=CC2CC(CCC2=C1)C3CCCC3:68.NR-Aromatase:O=C1C=CC2CC(CCC2=C1)C3CCCC3:0.SR-ATAD5:O=C1C=CC2CC(CCC2=C1)C3CCCC3:0.NR-AR-LBD:O=C1C=CC2CC(CCC2=C1)C3CCCC3:51.NR-PPAR-gamma:O=C1C=CC2CC(CCC2=C1)C3CCCC3:0,105
SR-MMP:O=C1C=CC(C=C1)C2CCC3CCCC3C2:11.SR-ARE:O=C1C=CC(C=C1)C2CCC3CCCC3C2:5.NR-AhR:O=C1C=CC(C=C1)C2CCC3CCCC3C2:2.NR-ER:O=C1C=CC(C=C1)C2CCC3CCCC3C2:10.SR-p53:O=C1C=CC(C=C1)C2CCC3CCCC3C2:0.NR-ER-LBD:O=C1C=CC(C=C1)C2CCC3CCCC3C2:2.SR-HSE:O=C1C=CC(C=C1)C2CCC3CCCC3C2:0.NR-AR:O=C1C=CC(C=C1)C2CCC3CCCC3C2:64.NR-Aromatase:O=C1C=CC(C=C1)C2CCC3CCCC3C2:0.SR-ATAD5:O=C1C=CC(C=C1)C2CCC3CCCC3C2:0.NR-AR-LBD:O=C1C=CC(C=C1)C2CCC3CCCC3C2:47.NR-PPAR-gamma:O=C1C=CC(C=C1)C2CCC3CCCC3C2:0,98
SR-MMP:C(CC1CCC(CC1)OC2CCC(CO2)OC3CCCCO3)C4CCCC4:9.SR-ARE:C(CC1CCC(CC1)OC2CCC(CO2)OC3CCCCO3)C4CCCC4:0.NR-AhR:C(CC1CCC(CC1)OC2CCC(CO2)OC3CCCCO3)C4CCCC4:0.NR-ER:C(CC1CCC(CC1)OC2CCC(CO2)OC3CCCCO3)C4CCCC4:1.SR-p53:C(CC1CCC(CC1)OC2CCC(CO2)OC3CCCCO3)C4CCCC4:6.NR-ER-LBD:C(CC1CCC(CC1)OC2CCC(CO2)OC3CCCCO3)C4CCCC4:3.SR-HSE:C(CC1CCC(CC1)OC2CCC(CO2)OC3CCCCO3)C4CCCC4:0.NR-AR:C(CC1CCC(CC1)OC2CCC(CO2)OC3CCCCO3)C4CCCC4:0.NR-Aromatase:C(CC1CCC(CC1)OC2CCC(CO2)OC3CCCCO3)C4CCCC4:3.SR-ATAD5:C(CC1CCC(CC1)OC2CCC(CO2)OC3CCCCO3)C4CCCC4:1.NR-AR-LBD:C(CC1CCC(CC1)OC2CCC(CO2)OC3CCCCO3)C4CCCC4:3.NR-PPAR-gamma:C(CC1CCC(CC1)OC2CCC(CO2)OC3CCCCO3)C4CCCC4:1,14
SR-MMP:O=C1OCC(=C1)C2CCC(C2)C3CCC4CCCCC4C3:12.SR-ARE:O=C1OCC(=C1)C2CCC(C2)C3CCC4CCCCC4C3:0.NR-AhR:O=C1OCC(=C1)C2CCC(C2)C3CCC4CCCCC4C3:0.NR-ER:O=C1OCC(=C1)C2CCC(C2)C3CCC4CCCCC4C3:1.SR-p53:O=C1OCC(=C1)C2CCC(C2)C3CCC4CCCCC4C3:6.NR-ER-LBD:O=C1OCC(=C1)C2CCC(C2)C3CCC4CCCCC4C3:1.SR-HSE:O=C1OCC(=C1)C2CCC(C2)C3CCC4CCCCC4C3:0.NR-AR:O=C1OCC(=C1)C2CCC(C2)C3CCC4CCCCC4C3:0.NR-Aromatase:O=C1OCC(=C1)C2CCC(C2)C3CCC4CCCCC4C3:6.SR-ATAD5:O=C1OCC(=C1)C2CCC(C2)C3CCC4CCCCC4C3:0.NR-AR-LBD:O=C1OCC(=C1)C2CCC(C2)C3CCC4CCCCC4C3:5.NR-PPAR-gamma:O=C1OCC(=C1)C2CCC(C2)C3CCC4CCCCC4C3:1,16
SR-MMP:C1OC2CC3CCCCC3C2O1:1.SR-ARE:C1OC2CC3CCCCC3C2O1:1.NR-AhR:C1OC2CC3CCCCC3C2O1:0.NR-ER:C1OC2CC3CCCCC3C2O1:2.SR-p53:C1OC2CC3CCCCC3C2O1:0.NR-ER-LBD:C1OC2CC3CCCCC3C2O1:1.SR-HSE:C1OC2CC3CCCCC3C2O1:0.NR-AR:C1OC2CC3CCCCC3C2O1:16.NR-Aromatase:C1OC2CC3CCCCC3C2O1:0.SR-ATAD5:C1OC2CC3CCCCC3C2O1:0.NR-AR-LBD:C1OC2CC3CCCCC3C2O1:2.NR-PPAR-gamma:C1OC2CC3CCCCC3C2O1:0,24
SR-MMP:C1CC2CCC3C(CCC4CC(CCC34)OC5CCCCO5)C2C1:12.SR-ARE:C1CC2CCC3C(CCC4CC(CCC34)OC5CCCCO5)C2C1:0.NR-AhR:C1CC2CCC3C(CCC4CC(CCC34)OC5CCCCO5)C2C1:0.NR-ER:C1CC2CCC3C(CCC4CC(CCC34)OC5CCCCO5)C2C1:1.SR-p53:C1CC2CCC3C(CCC4CC(CCC34)OC5CCCCO5)C2C1:6.NR-ER-LBD:C1CC2CCC3C(CCC4CC(CCC34)OC5CCCCO5)C2C1:3.SR-HSE:C1CC2CCC3C(CCC4CC(CCC34)OC5CCCCO5)C2C1:0.NR-AR:C1CC2CCC3C(CCC4CC(CCC34)OC5CCCCO5)C2C1:0.NR-Aromatase:C1CC2CCC3C(CCC4CC(CCC34)OC5CCCCO5)C2C1:6.SR-ATAD5:C1CC2CCC3C(CCC4CC(CCC34)OC5CCCCO5)C2C1:1.NR-AR-LBD:C1CC2CCC3C(CCC4CC(CCC34)OC5CCCCO5)C2C1:5.NR-PPAR-gamma:C1CC2CCC3C(CCC4CC(CCC34)OC5CCCCO5)C2C1:1,18
SR-MMP:O=C1CCC2CC(CCC2=C1)C3CCCC3:2.SR-ARE:O=C1CCC2CC(CCC2=C1)C3CCCC3:9.NR-AhR:O=C1CCC2CC(CCC2=C1)C3CCCC3:0.NR-ER:O=C1CCC2CC(CCC2=C1)C3CCCC3:40.SR-p53:O=C1CCC2CC(CCC2=C1)C3CCCC3:2.NR-ER-LBD:O=C1CCC2CC(CCC2=C1)C3CCCC3:29.SR-HSE:O=C1CCC2CC(CCC2=C1)C3CCCC3:1.NR-AR:O=C1CCC2CC(CCC2=C1)C3CCCC3:65.NR-Aromatase:O=C1CCC2CC(CCC2=C1)C3CCCC3:3.SR-ATAD5:O=C1CCC2CC(CCC2=C1)C3CCCC3:0.NR-AR-LBD:O=C1CCC2CC(CCC2=C1)C3CCCC3:64.NR-PPAR-gamma:O=C1CCC2CC(CCC2=C1)C3CCCC3:0,105
SR-MMP:O=C1OCC(CC2CCC3C(CCC4CCCCC34)C2)=C1:12.SR-ARE:O=C1OCC(CC2CCC3C(CCC4CCCCC34)C2)=C1:0.NR-AhR:O=C1OCC(CC2CCC3C(CCC4CCCCC34)C2)=C1:0.NR-ER:O=C1OCC(CC2CCC3C(CCC4CCCCC34)C2)=C1:1.SR-p53:O=C1OCC(CC2CCC3C(CCC4CCCCC34)C2)=C1:6.NR-ER-LBD:O=C1OCC(CC2CCC3C(CCC4CCCCC34)C2)=C1:1.SR-HSE:O=C1OCC(CC2CCC3C(CCC4CCCCC34)C2)=C1:0.NR-AR:O=C1OCC(CC2CCC3C(CCC4CCCCC34)C2)=C1:0.NR-Aromatase:O=C1OCC(CC2CCC3C(CCC4CCCCC34)C2)=C1:6.SR-ATAD5:O=C1OCC(CC2CCC3C(CCC4CCCCC34)C2)=C1:0.NR-AR-LBD:O=C1OCC(CC2CCC3C(CCC4CCCCC34)C2)=C1:5.NR-PPAR-gamma:O=C1OCC(CC2CCC3C(CCC4CCCCC34)C2)=C1:1,16
SR-MMP:O=C1C=CN(C2CC2)C3=C1C=CC=C3:0.SR-ARE:O=C1C=CN(C2CC2)C3=C1C=CC=C3:1.NR-AhR:O=C1C=CN(C2CC2)C3=C1C=CC=C3:0.NR-ER:O=C1C=CN(C2CC2)C3=C1C=CC=C3:1.SR-p53:O=C1C=CN(C2CC2)C3=C1C=CC=C3:0.NR-ER-LBD:O=C1C=CN(C2CC2)C3=C1C=CC=C3:0.SR-HSE:O=C1C=CN(C2CC2)C3=C1C=CC=C3:0.NR-AR:O=C1C=CN(C2CC2)C3=C1C=CC=C3:2.NR-Aromatase:O=C1C=CN(C2CC2)C3=C1C=CC=C3:0.SR-ATAD5:O=C1C=CN(C2CC2)C3=C1C=CC=C3:0.NR-AR-LBD:O=C1C=CN(C2CC2)C3=C1C=CC=C3:1.NR-PPAR-gamma:O=C1C=CN(C2CC2)C3=C1C=CC=C3:0,20
SR-MMP:C(CC1CCC2CCCCC2C1)OC3CCC(CO3)OC4CCCCO4:9.SR-ARE:C(CC1CCC2CCCCC2C1)OC3CCC(CO3)OC4CCCCO4:0.NR-AhR:C(CC1CCC2CCCCC2C1)OC3CCC(CO3)OC4CCCCO4:0.NR-ER:C(CC1CCC2CCCCC2C1)OC3CCC(CO3)OC4CCCCO4:1.SR-p53:C(CC1CCC2CCCCC2C1)OC3CCC(CO3)OC4CCCCO4:6.NR-ER-LBD:C(CC1CCC2CCCCC2C1)OC3CCC(CO3)OC4CCCCO4:3.SR-HSE:C(CC1CCC2CCCCC2C1)OC3CCC(CO3)OC4CCCCO4:0.NR-AR:C(CC1CCC2CCCCC2C1)OC3CCC(CO3)OC4CCCCO4:0.NR-Aromatase:C(CC1CCC2CCCCC2C1)OC3CCC(CO3)OC4CCCCO4:3.SR-ATAD5:C(CC1CCC2CCCCC2C1)OC3CCC(CO3)OC4CCCCO4:1.NR-AR-LBD:C(CC1CCC2CCCCC2C1)OC3CCC(CO3)OC4CCCCO4:3.NR-PPAR-gamma:C(CC1CCC2CCCCC2C1)OC3CCC(CO3)OC4CCCCO4:1,14
SR-MMP:C(CC1CCC(CCOC2CCC(CO2)OC3CCCCO3)CC1)CC4=CCOC4:9.SR-ARE:C(CC1CCC(CCOC2CCC(CO2)OC3CCCCO3)CC1)CC4=CCOC4:0.NR-AhR:C(CC1CCC(CCOC2CCC(CO2)OC3CCCCO3)CC1)CC4=CCOC4:0.NR-ER:C(CC1CCC(CCOC2CCC(CO2)OC3CCCCO3)CC1)CC4=CCOC4:1.SR-p53:C(CC1CCC(CCOC2CCC(CO2)OC3CCCCO3)CC1)CC4=CCOC4:6.NR-ER-LBD:C(CC1CCC(CCOC2CCC(CO2)OC3CCCCO3)CC1)CC4=CCOC4:1.SR-HSE:C(CC1CCC(CCOC2CCC(CO2)OC3CCCCO3)CC1)CC4=CCOC4:0.NR-AR:C(CC1CCC(CCOC2CCC(CO2)OC3CCCCO3)CC1)CC4=CCOC4:0.NR-Aromatase:C(CC1CCC(CCOC2CCC(CO2)OC3CCCCO3)CC1)CC4=CCOC4:3.SR-ATAD5:C(CC1CCC(CCOC2CCC(CO2)OC3CCCCO3)CC1)CC4=CCOC4:0.NR-AR-LBD:C(CC1CCC(CCOC2CCC(CO2)OC3CCCCO3)CC1)CC4=CCOC4:3.NR-PPAR-gamma:C(CC1CCC(CCOC2CCC(CO2)OC3CCCCO3)CC1)CC4=CCOC4:1,12
SR-MMP:C1CCC(OC2CCC(OC3CCC4CCCCC4C3)OC2)OC1:9.SR-ARE:C1CCC(OC2CCC(OC3CCC4CCCCC4C3)OC2)OC1:0.NR-AhR:C1CCC(OC2CCC(OC3CCC4CCCCC4C3)OC2)OC1:0.NR-ER:C1CCC(OC2CCC(OC3CCC4CCCCC4C3)OC2)OC1:1.SR-p53:C1CCC(OC2CCC(OC3CCC4CCCCC4C3)OC2)OC1:6.NR-ER-LBD:C1CCC(OC2CCC(OC3CCC4CCCCC4C3)OC2)OC1:3.SR-HSE:C1CCC(OC2CCC(OC3CCC4CCCCC4C3)OC2)OC1:0.NR-AR:C1CCC(OC2CCC(OC3CCC4CCCCC4C3)OC2)OC1:0.NR-Aromatase:C1CCC(OC2CCC(OC3CCC4CCCCC4C3)OC2)OC1:3.SR-ATAD5:C1CCC(OC2CCC(OC3CCC4CCCCC4C3)OC2)OC1:1.NR-AR-LBD:C1CCC(OC2CCC(OC3CCC4CCCCC4C3)OC2)OC1:3.NR-PPAR-gamma:C1CCC(OC2CCC(OC3CCC4CCCCC4C3)OC2)OC1:1,14
SR-MMP:C1CC2CCC3C(CC=C4CCCCC34)C2C1:1.SR-ARE:C1CC2CCC3C(CC=C4CCCCC34)C2C1:2.NR-AhR:C1CC2CCC3C(CC=C4CCCCC34)C2C1:0.NR-ER:C1CC2CCC3C(CC=C4CCCCC34)C2C1:9.SR-p53:C1CC2CCC3C(CC=C4CCCCC34)C2C1:0.NR-ER-LBD:C1CC2CCC3C(CC=C4CCCCC34)C2C1:9.SR-HSE:C1CC2CCC3C(CC=C4CCCCC34)C2C1:0.NR-AR:C1CC2CCC3C(CC=C4CCCCC34)C2C1:3.NR-Aromatase:C1CC2CCC3C(CC=C4CCCCC34)C2C1:0.SR-ATAD5:C1CC2CCC3C(CC=C4CCCCC34)C2C1:0.NR-AR-LBD:C1CC2CCC3C(CC=C4CCCCC34)C2C1:1.NR-PPAR-gamma:C1CC2CCC3C(CC=C4CCCCC34)C2C1:0,18
SR-MMP:C(CC1CCC(CC1)OC2CCCCO2)C3CCC(C3)C4=CCOC4:12.SR-ARE:C(CC1CCC(CC1)OC2CCCCO2)C3CCC(C3)C4=CCOC4:0.NR-AhR:C(CC1CCC(CC1)OC2CCCCO2)C3CCC(C3)C4=CCOC4:0.NR-ER:C(CC1CCC(CC1)OC2CCCCO2)C3CCC(C3)C4=CCOC4:1.SR-p53:C(CC1CCC(CC1)OC2CCCCO2)C3CCC(C3)C4=CCOC4:6.NR-ER-LBD:C(CC1CCC(CC1)OC2CCCCO2)C3CCC(C3)C4=CCOC4:1.SR-HSE:C(CC1CCC(CC1)OC2CCCCO2)C3CCC(C3)C4=CCOC4:0.NR-AR:C(CC1CCC(CC1)OC2CCCCO2)C3CCC(C3)C4=CCOC4:0.NR-Aromatase:C(CC1CCC(CC1)OC2CCCCO2)C3CCC(C3)C4=CCOC4:6.SR-ATAD5:C(CC1CCC(CC1)OC2CCCCO2)C3CCC(C3)C4=CCOC4:0.NR-AR-LBD:C(CC1CCC(CC1)OC2CCCCO2)C3CCC(C3)C4=CCOC4:5.NR-PPAR-gamma:C(CC1CCC(CC1)OC2CCCCO2)C3CCC(C3)C4=CCOC4:1,16
SR-MMP:C(CC1CCC(CC1)C2CCC(C2)C3=CCOC3)OC4CCCCO4:12.SR-ARE:C(CC1CCC(CC1)C2CCC(C2)C3=CCOC3)OC4CCCCO4:0.NR-AhR:C(CC1CCC(CC1)C2CCC(C2)C3=CCOC3)OC4CCCCO4:0.NR-ER:C(CC1CCC(CC1)C2CCC(C2)C3=CCOC3)OC4CCCCO4:1.SR-p53:C(CC1CCC(CC1)C2CCC(C2)C3=CCOC3)OC4CCCCO4:6.NR-ER-LBD:C(CC1CCC(CC1)C2CCC(C2)C3=CCOC3)OC4CCCCO4:1.SR-HSE:C(CC1CCC(CC1)C2CCC(C2)C3=CCOC3)OC4CCCCO4:0.NR-AR:C(CC1CCC(CC1)C2CCC(C2)C3=CCOC3)OC4CCCCO4:0.NR-Aromatase:C(CC1CCC(CC1)C2CCC(C2)C3=CCOC3)OC4CCCCO4:6.SR-ATAD5:C(CC1CCC(CC1)C2CCC(C2)C3=CCOC3)OC4CCCCO4:0.NR-AR-LBD:C(CC1CCC(CC1)C2CCC(C2)C3=CCOC3)OC4CCCCO4:5.NR-PPAR-gamma:C(CC1CCC(CC1)C2CCC(C2)C3=CCOC3)OC4CCCCO4:1,16
SR-MMP:C(C1CCC(CC1)C2CCC(CC2)OC3CCCCO3)C4=CCOC4:12.SR-ARE:C(C1CCC(CC1)C2CCC(CC2)OC3CCCCO3)C4=CCOC4:0.NR-AhR:C(C1CCC(CC1)C2CCC(CC2)OC3CCCCO3)C4=CCOC4:0.NR-ER:C(C1CCC(CC1)C2CCC(CC2)OC3CCCCO3)C4=CCOC4:1.SR-p53:C(C1CCC(CC1)C2CCC(CC2)OC3CCCCO3)C4=CCOC4:6.NR-ER-LBD:C(C1CCC(CC1)C2CCC(CC2)OC3CCCCO3)C4=CCOC4:1.SR-HSE:C(C1CCC(CC1)C2CCC(CC2)OC3CCCCO3)C4=CCOC4:0.NR-AR:C(C1CCC(CC1)C2CCC(CC2)OC3CCCCO3)C4=CCOC4:0.NR-Aromatase:C(C1CCC(CC1)C2CCC(CC2)OC3CCCCO3)C4=CCOC4:6.SR-ATAD5:C(C1CCC(CC1)C2CCC(CC2)OC3CCCCO3)C4=CCOC4:0.NR-AR-LBD:C(C1CCC(CC1)C2CCC(CC2)OC3CCCCO3)C4=CCOC4:5.NR-PPAR-gamma:C(C1CCC(CC1)C2CCC(CC2)OC3CCCCO3)C4=CCOC4:1,16
SR-MMP:O=C1OCC(=C1)C2CCC3CCCCC23:12.SR-ARE:O=C1OCC(=C1)C2CCC3CCCCC23:0.NR-AhR:O=C1OCC(=C1)C2CCC3CCCCC23:0.NR-ER:O=C1OCC(=C1)C2CCC3CCCCC23:1.SR-p53:O=C1OCC(=C1)C2CCC3CCCCC23:6.NR-ER-LBD:O=C1OCC(=C1)C2CCC3CCCCC23:1.SR-HSE:O=C1OCC(=C1)C2CCC3CCCCC23:0.NR-AR:O=C1OCC(=C1)C2CCC3CCCCC23:0.NR-Aromatase:O=C1OCC(=C1)C2CCC3CCCCC23:6.SR-ATAD5:O=C1OCC(=C1)C2CCC3CCCCC23:0.NR-AR-LBD:O=C1OCC(=C1)C2CCC3CCCCC23:5.NR-PPAR-gamma:O=C1OCC(=C1)C2CCC3CCCCC23:1,16
SR-MMP:C(CC1CCC(CC1)C2CCCC2)OC3CCC(CO3)OC4CCCCO4:9.SR-ARE:C(CC1CCC(CC1)C2CCCC2)OC3CCC(CO3)OC4CCCCO4:0.NR-AhR:C(CC1CCC(CC1)C2CCCC2)OC3CCC(CO3)OC4CCCCO4:0.NR-ER:C(CC1CCC(CC1)C2CCCC2)OC3CCC(CO3)OC4CCCCO4:1.SR-p53:C(CC1CCC(CC1)C2CCCC2)OC3CCC(CO3)OC4CCCCO4:6.NR-ER-LBD:C(CC1CCC(CC1)C2CCCC2)OC3CCC(CO3)OC4CCCCO4:3.SR-HSE:C(CC1CCC(CC1)C2CCCC2)OC3CCC(CO3)OC4CCCCO4:0.NR-AR:C(CC1CCC(CC1)C2CCCC2)OC3CCC(CO3)OC4CCCCO4:0.NR-Aromatase:C(CC1CCC(CC1)C2CCCC2)OC3CCC(CO3)OC4CCCCO4:3.SR-ATAD5:C(CC1CCC(CC1)C2CCCC2)OC3CCC(CO3)OC4CCCCO4:1.NR-AR-LBD:C(CC1CCC(CC1)C2CCCC2)OC3CCC(CO3)OC4CCCCO4:3.NR-PPAR-gamma:C(CC1CCC(CC1)C2CCCC2)OC3CCC(CO3)OC4CCCCO4:1,14
SR-MMP:C(CC1CCC2CC(CC3=CCOC3)CCC2C1)OC4CCCCO4:12.SR-ARE:C(CC1CCC2CC(CC3=CCOC3)CCC2C1)OC4CCCCO4:0.NR-AhR:C(CC1CCC2CC(CC3=CCOC3)CCC2C1)OC4CCCCO4:0.NR-ER:C(CC1CCC2CC(CC3=CCOC3)CCC2C1)OC4CCCCO4:1.SR-p53:C(CC1CCC2CC(CC3=CCOC3)CCC2C1)OC4CCCCO4:6.NR-ER-LBD:C(CC1CCC2CC(CC3=CCOC3)CCC2C1)OC4CCCCO4:1.SR-HSE:C(CC1CCC2CC(CC3=CCOC3)CCC2C1)OC4CCCCO4:0.NR-AR:C(CC1CCC2CC(CC3=CCOC3)CCC2C1)OC4CCCCO4:0.NR-Aromatase:C(CC1CCC2CC(CC3=CCOC3)CCC2C1)OC4CCCCO4:6.SR-ATAD5:C(CC1CCC2CC(CC3=CCOC3)CCC2C1)OC4CCCCO4:0.NR-AR-LBD:C(CC1CCC2CC(CC3=CCOC3)CCC2C1)OC4CCCCO4:5.NR-PPAR-gamma:C(CC1CCC2CC(CC3=CCOC3)CCC2C1)OC4CCCCO4:1,16
SR-MMP:C(CC1CCC2CC(CCC2C1)OC3CCCCO3)CC4=CCOC4:12.SR-ARE:C(CC1CCC2CC(CCC2C1)OC3CCCCO3)CC4=CCOC4:0.NR-AhR:C(CC1CCC2CC(CCC2C1)OC3CCCCO3)CC4=CCOC4:0.NR-ER:C(CC1CCC2CC(CCC2C1)OC3CCCCO3)CC4=CCOC4:1.SR-p53:C(CC1CCC2CC(CCC2C1)OC3CCCCO3)CC4=CCOC4:6.NR-ER-LBD:C(CC1CCC2CC(CCC2C1)OC3CCCCO3)CC4=CCOC4:1.SR-HSE:C(CC1CCC2CC(CCC2C1)OC3CCCCO3)CC4=CCOC4:0.NR-AR:C(CC1CCC2CC(CCC2C1)OC3CCCCO3)CC4=CCOC4:0.NR-Aromatase:C(CC1CCC2CC(CCC2C1)OC3CCCCO3)CC4=CCOC4:6.SR-ATAD5:C(CC1CCC2CC(CCC2C1)OC3CCCCO3)CC4=CCOC4:0.NR-AR-LBD:C(CC1CCC2CC(CCC2C1)OC3CCCCO3)CC4=CCOC4:5.NR-PPAR-gamma:C(CC1CCC2CC(CCC2C1)OC3CCCCO3)CC4=CCOC4:1,16
SR-MMP:C1CC2(CCCCC2N1)C3=CC=CC=C3:1.SR-ARE:C1CC2(CCCCC2N1)C3=CC=CC=C3:1.NR-AhR:C1CC2(CCCCC2N1)C3=CC=CC=C3:0.NR-ER:C1CC2(CCCCC2N1)C3=CC=CC=C3:0.SR-p53:C1CC2(CCCCC2N1)C3=CC=CC=C3:2.NR-ER-LBD:C1CC2(CCCCC2N1)C3=CC=CC=C3:0.SR-HSE:C1CC2(CCCCC2N1)C3=CC=CC=C3:1.NR-AR:C1CC2(CCCCC2N1)C3=CC=CC=C3:1.NR-Aromatase:C1CC2(CCCCC2N1)C3=CC=CC=C3:0.SR-ATAD5:C1CC2(CCCCC2N1)C3=CC=CC=C3:3.NR-AR-LBD:C1CC2(CCCCC2N1)C3=CC=CC=C3:0.NR-PPAR-gamma:C1CC2(CCCCC2N1)C3=CC=CC=C3:0,13
SR-MMP:C1CC2CC(CC=CCCC=CC=CC3CCC=CC3CO2)O1:7.SR-ARE:C1CC2CC(CC=CCCC=CC=CC3CCC=CC3CO2)O1:1.NR-AhR:C1CC2CC(CC=CCCC=CC=CC3CCC=CC3CO2)O1:0.NR-ER:C1CC2CC(CC=CCCC=CC=CC3CCC=CC3CO2)O1:0.SR-p53:C1CC2CC(CC=CCCC=CC=CC3CCC=CC3CO2)O1:0.NR-ER-LBD:C1CC2CC(CC=CCCC=CC=CC3CCC=CC3CO2)O1:0.SR-HSE:C1CC2CC(CC=CCCC=CC=CC3CCC=CC3CO2)O1:1.NR-AR:C1CC2CC(CC=CCCC=CC=CC3CCC=CC3CO2)O1:1.NR-Aromatase:C1CC2CC(CC=CCCC=CC=CC3CCC=CC3CO2)O1:0.SR-ATAD5:C1CC2CC(CC=CCCC=CC=CC3CCC=CC3CO2)O1:0.NR-AR-LBD:C1CC2CC(CC=CCCC=CC=CC3CCC=CC3CO2)O1:1.NR-PPAR-gamma:C1CC2CC(CC=CCCC=CC=CC3CCC=CC3CO2)O1:0,11
SR-MMP:C1OCC2=CC=CCCC=CCC3CC(CCO3)OCCC12:7.SR-ARE:C1OCC2=CC=CCCC=CCC3CC(CCO3)OCCC12:1.NR-AhR:C1OCC2=CC=CCCC=CCC3CC(CCO3)OCCC12:0.NR-ER:C1OCC2=CC=CCCC=CCC3CC(CCO3)OCCC12:0.SR-p53:C1OCC2=CC=CCCC=CCC3CC(CCO3)OCCC12:0.NR-ER-LBD:C1OCC2=CC=CCCC=CCC3CC(CCO3)OCCC12:0.SR-HSE:C1OCC2=CC=CCCC=CCC3CC(CCO3)OCCC12:1.NR-AR:C1OCC2=CC=CCCC=CCC3CC(CCO3)OCCC12:1.NR-Aromatase:C1OCC2=CC=CCCC=CCC3CC(CCO3)OCCC12:0.SR-ATAD5:C1OCC2=CC=CCCC=CCC3CC(CCO3)OCCC12:0.NR-AR-LBD:C1OCC2=CC=CCCC=CCC3CC(CCO3)OCCC12:1.NR-PPAR-gamma:C1OCC2=CC=CCCC=CCC3CC(CCO3)OCCC12:0,11
SR-MMP:C1CCC2(CCNCC2C1)C3=CC=CC=C3:0.SR-ARE:C1CCC2(CCNCC2C1)C3=CC=CC=C3:0.NR-AhR:C1CCC2(CCNCC2C1)C3=CC=CC=C3:0.NR-ER:C1CCC2(CCNCC2C1)C3=CC=CC=C3:1.SR-p53:C1CCC2(CCNCC2C1)C3=CC=CC=C3:0.NR-ER-LBD:C1CCC2(CCNCC2C1)C3=CC=CC=C3:0.SR-HSE:C1CCC2(CCNCC2C1)C3=CC=CC=C3:1.NR-AR:C1CCC2(CCNCC2C1)C3=CC=CC=C3:1.NR-Aromatase:C1CCC2(CCNCC2C1)C3=CC=CC=C3:0.SR-ATAD5:C1CCC2(CCNCC2C1)C3=CC=CC=C3:0.NR-AR-LBD:C1CCC2(CCNCC2C1)C3=CC=CC=C3:0.NR-PPAR-gamma:C1CCC2(CCNCC2C1)C3=CC=CC=C3:0,16
SR-MMP:O=C1OCC(CC2CCC3CCCCC3C2)=C1:12.SR-ARE:O=C1OCC(CC2CCC3CCCCC3C2)=C1:0.NR-AhR:O=C1OCC(CC2CCC3CCCCC3C2)=C1:0.NR-ER:O=C1OCC(CC2CCC3CCCCC3C2)=C1:1.SR-p53:O=C1OCC(CC2CCC3CCCCC3C2)=C1:6.NR-ER-LBD:O=C1OCC(CC2CCC3CCCCC3C2)=C1:1.SR-HSE:O=C1OCC(CC2CCC3CCCCC3C2)=C1:0.NR-AR:O=C1OCC(CC2CCC3CCCCC3C2)=C1:0.NR-Aromatase:O=C1OCC(CC2CCC3CCCCC3C2)=C1:6.SR-ATAD5:O=C1OCC(CC2CCC3CCCCC3C2)=C1:0.NR-AR-LBD:O=C1OCC(CC2CCC3CCCCC3C2)=C1:5.NR-PPAR-gamma:O=C1OCC(CC2CCC3CCCCC3C2)=C1:1,16
SR-MMP:C1OC2CC=CC3COCCCCC=CCCC=CC=C1C23:7.SR-ARE:C1OC2CC=CC3COCCCCC=CCCC=CC=C1C23:1.NR-AhR:C1OC2CC=CC3COCCCCC=CCCC=CC=C1C23:0.NR-ER:C1OC2CC=CC3COCCCCC=CCCC=CC=C1C23:0.SR-p53:C1OC2CC=CC3COCCCCC=CCCC=CC=C1C23:0.NR-ER-LBD:C1OC2CC=CC3COCCCCC=CCCC=CC=C1C23:0.SR-HSE:C1OC2CC=CC3COCCCCC=CCCC=CC=C1C23:1.NR-AR:C1OC2CC=CC3COCCCCC=CCCC=CC=C1C23:1.NR-Aromatase:C1OC2CC=CC3COCCCCC=CCCC=CC=C1C23:0.SR-ATAD5:C1OC2CC=CC3COCCCCC=CCCC=CC=C1C23:0.NR-AR-LBD:C1OC2CC=CC3COCCCCC=CCCC=CC=C1C23:1.NR-PPAR-gamma:C1OC2CC=CC3COCCCCC=CCCC=CC=C1C23:0,11
SR-MMP:C1CCC(CC1)C2CCC(CC2)OC3CCC(CO3)OC4CCCCO4:9.SR-ARE:C1CCC(CC1)C2CCC(CC2)OC3CCC(CO3)OC4CCCCO4:0.NR-AhR:C1CCC(CC1)C2CCC(CC2)OC3CCC(CO3)OC4CCCCO4:0.NR-ER:C1CCC(CC1)C2CCC(CC2)OC3CCC(CO3)OC4CCCCO4:1.SR-p53:C1CCC(CC1)C2CCC(CC2)OC3CCC(CO3)OC4CCCCO4:6.NR-ER-LBD:C1CCC(CC1)C2CCC(CC2)OC3CCC(CO3)OC4CCCCO4:3.SR-HSE:C1CCC(CC1)C2CCC(CC2)OC3CCC(CO3)OC4CCCCO4:0.NR-AR:C1CCC(CC1)C2CCC(CC2)OC3CCC(CO3)OC4CCCCO4:0.NR-Aromatase:C1CCC(CC1)C2CCC(CC2)OC3CCC(CO3)OC4CCCCO4:3.SR-ATAD5:C1CCC(CC1)C2CCC(CC2)OC3CCC(CO3)OC4CCCCO4:1.NR-AR-LBD:C1CCC(CC1)C2CCC(CC2)OC3CCC(CO3)OC4CCCCO4:3.NR-PPAR-gamma:C1CCC(CC1)C2CCC(CC2)OC3CCC(CO3)OC4CCCCO4:1,14
SR-MMP:O=C1OCC(CC2CCC(CC2)C3CCCCC3)=C1:12.SR-ARE:O=C1OCC(CC2CCC(CC2)C3CCCCC3)=C1:0.NR-AhR:O=C1OCC(CC2CCC(CC2)C3CCCCC3)=C1:0.NR-ER:O=C1OCC(CC2CCC(CC2)C3CCCCC3)=C1:1.SR-p53:O=C1OCC(CC2CCC(CC2)C3CCCCC3)=C1:6.NR-ER-LBD:O=C1OCC(CC2CCC(CC2)C3CCCCC3)=C1:1.SR-HSE:O=C1OCC(CC2CCC(CC2)C3CCCCC3)=C1:0.NR-AR:O=C1OCC(CC2CCC(CC2)C3CCCCC3)=C1:0.NR-Aromatase:O=C1OCC(CC2CCC(CC2)C3CCCCC3)=C1:6.SR-ATAD5:O=C1OCC(CC2CCC(CC2)C3CCCCC3)=C1:0.NR-AR-LBD:O=C1OCC(CC2CCC(CC2)C3CCCCC3)=C1:5.NR-PPAR-gamma:O=C1OCC(CC2CCC(CC2)C3CCCCC3)=C1:1,16
SR-MMP:C(COC1CCCCO1)OCOCCC2CCC3C4CCCC4CCC3C2:7.SR-ARE:C(COC1CCCCO1)OCOCCC2CCC3C4CCCC4CCC3C2:0.NR-AhR:C(COC1CCCCO1)OCOCCC2CCC3C4CCCC4CCC3C2:0.NR-ER:C(COC1CCCCO1)OCOCCC2CCC3C4CCCC4CCC3C2:1.SR-p53:C(COC1CCCCO1)OCOCCC2CCC3C4CCCC4CCC3C2:4.NR-ER-LBD:C(COC1CCCCO1)OCOCCC2CCC3C4CCCC4CCC3C2:2.SR-HSE:C(COC1CCCCO1)OCOCCC2CCC3C4CCCC4CCC3C2:0.NR-AR:C(COC1CCCCO1)OCOCCC2CCC3C4CCCC4CCC3C2:0.NR-Aromatase:C(COC1CCCCO1)OCOCCC2CCC3C4CCCC4CCC3C2:3.SR-ATAD5:C(COC1CCCCO1)OCOCCC2CCC3C4CCCC4CCC3C2:0.NR-AR-LBD:C(COC1CCCCO1)OCOCCC2CCC3C4CCCC4CCC3C2:2.NR-PPAR-gamma:C(COC1CCCCO1)OCOCCC2CCC3C4CCCC4CCC3C2:0,11
SR-MMP:C(CC1CCC2C3CCCC3CCC2C1)OC4CCCCO4:12.SR-ARE:C(CC1CCC2C3CCCC3CCC2C1)OC4CCCCO4:0.NR-AhR:C(CC1CCC2C3CCCC3CCC2C1)OC4CCCCO4:0.NR-ER:C(CC1CCC2C3CCCC3CCC2C1)OC4CCCCO4:1.SR-p53:C(CC1CCC2C3CCCC3CCC2C1)OC4CCCCO4:6.NR-ER-LBD:C(CC1CCC2C3CCCC3CCC2C1)OC4CCCCO4:3.SR-HSE:C(CC1CCC2C3CCCC3CCC2C1)OC4CCCCO4:0.NR-AR:C(CC1CCC2C3CCCC3CCC2C1)OC4CCCCO4:0.NR-Aromatase:C(CC1CCC2C3CCCC3CCC2C1)OC4CCCCO4:6.SR-ATAD5:C(CC1CCC2C3CCCC3CCC2C1)OC4CCCCO4:1.NR-AR-LBD:C(CC1CCC2C3CCCC3CCC2C1)OC4CCCCO4:5.NR-PPAR-gamma:C(CC1CCC2C3CCCC3CCC2C1)OC4CCCCO4:1,18
SR-MMP:O=C1OCC(CCCC2CCC3CCCCC3C2)=C1:12.SR-ARE:O=C1OCC(CCCC2CCC3CCCCC3C2)=C1:0.NR-AhR:O=C1OCC(CCCC2CCC3CCCCC3C2)=C1:0.NR-ER:O=C1OCC(CCCC2CCC3CCCCC3C2)=C1:1.SR-p53:O=C1OCC(CCCC2CCC3CCCCC3C2)=C1:6.NR-ER-LBD:O=C1OCC(CCCC2CCC3CCCCC3C2)=C1:1.SR-HSE:O=C1OCC(CCCC2CCC3CCCCC3C2)=C1:0.NR-AR:O=C1OCC(CCCC2CCC3CCCCC3C2)=C1:0.NR-Aromatase:O=C1OCC(CCCC2CCC3CCCCC3C2)=C1:6.SR-ATAD5:O=C1OCC(CCCC2CCC3CCCCC3C2)=C1:0.NR-AR-LBD:O=C1OCC(CCCC2CCC3CCCCC3C2)=C1:5.NR-PPAR-gamma:O=C1OCC(CCCC2CCC3CCCCC3C2)=C1:1,16
SR-MMP:O=C1OCC(CCCC2CCC(CCOC3CCCCO3)CC2)=C1:12.SR-ARE:O=C1OCC(CCCC2CCC(CCOC3CCCCO3)CC2)=C1:0.NR-AhR:O=C1OCC(CCCC2CCC(CCOC3CCCCO3)CC2)=C1:0.NR-ER:O=C1OCC(CCCC2CCC(CCOC3CCCCO3)CC2)=C1:1.SR-p53:O=C1OCC(CCCC2CCC(CCOC3CCCCO3)CC2)=C1:6.NR-ER-LBD:O=C1OCC(CCCC2CCC(CCOC3CCCCO3)CC2)=C1:1.SR-HSE:O=C1OCC(CCCC2CCC(CCOC3CCCCO3)CC2)=C1:0.NR-AR:O=C1OCC(CCCC2CCC(CCOC3CCCCO3)CC2)=C1:0.NR-Aromatase:O=C1OCC(CCCC2CCC(CCOC3CCCCO3)CC2)=C1:6.SR-ATAD5:O=C1OCC(CCCC2CCC(CCOC3CCCCO3)CC2)=C1:0.NR-AR-LBD:O=C1OCC(CCCC2CCC(CCOC3CCCCO3)CC2)=C1:5.NR-PPAR-gamma:O=C1OCC(CCCC2CCC(CCOC3CCCCO3)CC2)=C1:1,16
SR-MMP:C1CC2CCC(CC2C1)C3CCC(CC3)OC4CCCCO4:13.SR-ARE:C1CC2CCC(CC2C1)C3CCC(CC3)OC4CCCCO4:0.NR-AhR:C1CC2CCC(CC2C1)C3CCC(CC3)OC4CCCCO4:0.NR-ER:C1CC2CCC(CC2C1)C3CCC(CC3)OC4CCCCO4:1.SR-p53:C1CC2CCC(CC2C1)C3CCC(CC3)OC4CCCCO4:6.NR-ER-LBD:C1CC2CCC(CC2C1)C3CCC(CC3)OC4CCCCO4:3.SR-HSE:C1CC2CCC(CC2C1)C3CCC(CC3)OC4CCCCO4:0.NR-AR:C1CC2CCC(CC2C1)C3CCC(CC3)OC4CCCCO4:0.NR-Aromatase:C1CC2CCC(CC2C1)C3CCC(CC3)OC4CCCCO4:6.SR-ATAD5:C1CC2CCC(CC2C1)C3CCC(CC3)OC4CCCCO4:1.NR-AR-LBD:C1CC2CCC(CC2C1)C3CCC(CC3)OC4CCCCO4:5.NR-PPAR-gamma:C1CC2CCC(CC2C1)C3CCC(CC3)OC4CCCCO4:1,21
SR-MMP:C(C1CCC2C(CCC3CCCCC23)C1)C4=CCOC4:12.SR-ARE:C(C1CCC2C(CCC3CCCCC23)C1)C4=CCOC4:0.NR-AhR:C(C1CCC2C(CCC3CCCCC23)C1)C4=CCOC4:0.NR-ER:C(C1CCC2C(CCC3CCCCC23)C1)C4=CCOC4:1.SR-p53:C(C1CCC2C(CCC3CCCCC23)C1)C4=CCOC4:6.NR-ER-LBD:C(C1CCC2C(CCC3CCCCC23)C1)C4=CCOC4:1.SR-HSE:C(C1CCC2C(CCC3CCCCC23)C1)C4=CCOC4:0.NR-AR:C(C1CCC2C(CCC3CCCCC23)C1)C4=CCOC4:0.NR-Aromatase:C(C1CCC2C(CCC3CCCCC23)C1)C4=CCOC4:6.SR-ATAD5:C(C1CCC2C(CCC3CCCCC23)C1)C4=CCOC4:0.NR-AR-LBD:C(C1CCC2C(CCC3CCCCC23)C1)C4=CCOC4:5.NR-PPAR-gamma:C(C1CCC2C(CCC3CCCCC23)C1)C4=CCOC4:1,16
SR-MMP:C1CC(C2CCC(CC12)C3CCCCC3)C4=CCOC4:12.SR-ARE:C1CC(C2CCC(CC12)C3CCCCC3)C4=CCOC4:0.NR-AhR:C1CC(C2CCC(CC12)C3CCCCC3)C4=CCOC4:0.NR-ER:C1CC(C2CCC(CC12)C3CCCCC3)C4=CCOC4:1.SR-p53:C1CC(C2CCC(CC12)C3CCCCC3)C4=CCOC4:6.NR-ER-LBD:C1CC(C2CCC(CC12)C3CCCCC3)C4=CCOC4:1.SR-HSE:C1CC(C2CCC(CC12)C3CCCCC3)C4=CCOC4:0.NR-AR:C1CC(C2CCC(CC12)C3CCCCC3)C4=CCOC4:0.NR-Aromatase:C1CC(C2CCC(CC12)C3CCCCC3)C4=CCOC4:6.SR-ATAD5:C1CC(C2CCC(CC12)C3CCCCC3)C4=CCOC4:0.NR-AR-LBD:C1CC(C2CCC(CC12)C3CCCCC3)C4=CCOC4:5.NR-PPAR-gamma:C1CC(C2CCC(CC12)C3CCCCC3)C4=CCOC4:1,16
SR-MMP:O=C1OCC(=C1)C2CCC(CCC3CCCCC3)C2:12.SR-ARE:O=C1OCC(=C1)C2CCC(CCC3CCCCC3)C2:0.NR-AhR:O=C1OCC(=C1)C2CCC(CCC3CCCCC3)C2:0.NR-ER:O=C1OCC(=C1)C2CCC(CCC3CCCCC3)C2:1.SR-p53:O=C1OCC(=C1)C2CCC(CCC3CCCCC3)C2:6.NR-ER-LBD:O=C1OCC(=C1)C2CCC(CCC3CCCCC3)C2:1.SR-HSE:O=C1OCC(=C1)C2CCC(CCC3CCCCC3)C2:0.NR-AR:O=C1OCC(=C1)C2CCC(CCC3CCCCC3)C2:0.NR-Aromatase:O=C1OCC(=C1)C2CCC(CCC3CCCCC3)C2:6.SR-ATAD5:O=C1OCC(=C1)C2CCC(CCC3CCCCC3)C2:0.NR-AR-LBD:O=C1OCC(=C1)C2CCC(CCC3CCCCC3)C2:5.NR-PPAR-gamma:O=C1OCC(=C1)C2CCC(CCC3CCCCC3)C2:1,16
SR-MMP:O=C1OCC(=C1)C2CCC(C2)C3CCCCC3:12.SR-ARE:O=C1OCC(=C1)C2CCC(C2)C3CCCCC3:0.NR-AhR:O=C1OCC(=C1)C2CCC(C2)C3CCCCC3:0.NR-ER:O=C1OCC(=C1)C2CCC(C2)C3CCCCC3:1.SR-p53:O=C1OCC(=C1)C2CCC(C2)C3CCCCC3:6.NR-ER-LBD:O=C1OCC(=C1)C2CCC(C2)C3CCCCC3:1.SR-HSE:O=C1OCC(=C1)C2CCC(C2)C3CCCCC3:0.NR-AR:O=C1OCC(=C1)C2CCC(C2)C3CCCCC3:0.NR-Aromatase:O=C1OCC(=C1)C2CCC(C2)C3CCCCC3:6.SR-ATAD5:O=C1OCC(=C1)C2CCC(C2)C3CCCCC3:0.NR-AR-LBD:O=C1OCC(=C1)C2CCC(C2)C3CCCCC3:5.NR-PPAR-gamma:O=C1OCC(=C1)C2CCC(C2)C3CCCCC3:1,16
SR-MMP:C1CCC(C1)C2CC=C3CCCCC3C2:1.SR-ARE:C1CCC(C1)C2CC=C3CCCCC3C2:2.NR-AhR:C1CCC(C1)C2CC=C3CCCCC3C2:0.NR-ER:C1CCC(C1)C2CC=C3CCCCC3C2:9.SR-p53:C1CCC(C1)C2CC=C3CCCCC3C2:0.NR-ER-LBD:C1CCC(C1)C2CC=C3CCCCC3C2:9.SR-HSE:C1CCC(C1)C2CC=C3CCCCC3C2:0.NR-AR:C1CCC(C1)C2CC=C3CCCCC3C2:3.NR-Aromatase:C1CCC(C1)C2CC=C3CCCCC3C2:0.SR-ATAD5:C1CCC(C1)C2CC=C3CCCCC3C2:0.NR-AR-LBD:C1CCC(C1)C2CC=C3CCCCC3C2:1.NR-PPAR-gamma:C1CCC(C1)C2CC=C3CCCCC3C2:0,18
SR-MMP:C1CC(C2CCC3CCCCC3C12)C4=CCOC4:12.SR-ARE:C1CC(C2CCC3CCCCC3C12)C4=CCOC4:0.NR-AhR:C1CC(C2CCC3CCCCC3C12)C4=CCOC4:0.NR-ER:C1CC(C2CCC3CCCCC3C12)C4=CCOC4:1.SR-p53:C1CC(C2CCC3CCCCC3C12)C4=CCOC4:6.NR-ER-LBD:C1CC(C2CCC3CCCCC3C12)C4=CCOC4:1.SR-HSE:C1CC(C2CCC3CCCCC3C12)C4=CCOC4:0.NR-AR:C1CC(C2CCC3CCCCC3C12)C4=CCOC4:0.NR-Aromatase:C1CC(C2CCC3CCCCC3C12)C4=CCOC4:6.SR-ATAD5:C1CC(C2CCC3CCCCC3C12)C4=CCOC4:0.NR-AR-LBD:C1CC(C2CCC3CCCCC3C12)C4=CCOC4:5.NR-PPAR-gamma:C1CC(C2CCC3CCCCC3C12)C4=CCOC4:1,16
SR-MMP:C1CC(CC1C2CCC3CCCCC3C2)C4=CCOC4:12.SR-ARE:C1CC(CC1C2CCC3CCCCC3C2)C4=CCOC4:0.NR-AhR:C1CC(CC1C2CCC3CCCCC3C2)C4=CCOC4:0.NR-ER:C1CC(CC1C2CCC3CCCCC3C2)C4=CCOC4:1.SR-p53:C1CC(CC1C2CCC3CCCCC3C2)C4=CCOC4:6.NR-ER-LBD:C1CC(CC1C2CCC3CCCCC3C2)C4=CCOC4:1.SR-HSE:C1CC(CC1C2CCC3CCCCC3C2)C4=CCOC4:0.NR-AR:C1CC(CC1C2CCC3CCCCC3C2)C4=CCOC4:0.NR-Aromatase:C1CC(CC1C2CCC3CCCCC3C2)C4=CCOC4:6.SR-ATAD5:C1CC(CC1C2CCC3CCCCC3C2)C4=CCOC4:0.NR-AR-LBD:C1CC(CC1C2CCC3CCCCC3C2)C4=CCOC4:5.NR-PPAR-gamma:C1CC(CC1C2CCC3CCCCC3C2)C4=CCOC4:1,16
SR-MMP:C1CCC(C1)C2CCC3CC(CCC3C2)OC4CCCCO4:12.SR-ARE:C1CCC(C1)C2CCC3CC(CCC3C2)OC4CCCCO4:0.NR-AhR:C1CCC(C1)C2CCC3CC(CCC3C2)OC4CCCCO4:0.NR-ER:C1CCC(C1)C2CCC3CC(CCC3C2)OC4CCCCO4:1.SR-p53:C1CCC(C1)C2CCC3CC(CCC3C2)OC4CCCCO4:6.NR-ER-LBD:C1CCC(C1)C2CCC3CC(CCC3C2)OC4CCCCO4:3.SR-HSE:C1CCC(C1)C2CCC3CC(CCC3C2)OC4CCCCO4:0.NR-AR:C1CCC(C1)C2CCC3CC(CCC3C2)OC4CCCCO4:0.NR-Aromatase:C1CCC(C1)C2CCC3CC(CCC3C2)OC4CCCCO4:6.SR-ATAD5:C1CCC(C1)C2CCC3CC(CCC3C2)OC4CCCCO4:1.NR-AR-LBD:C1CCC(C1)C2CCC3CC(CCC3C2)OC4CCCCO4:5.NR-PPAR-gamma:C1CCC(C1)C2CCC3CC(CCC3C2)OC4CCCCO4:1,18
SR-MMP:C1CCC(OC2CCC3CCCCC3C2)OC1:12.SR-ARE:C1CCC(OC2CCC3CCCCC3C2)OC1:0.NR-AhR:C1CCC(OC2CCC3CCCCC3C2)OC1:0.NR-ER:C1CCC(OC2CCC3CCCCC3C2)OC1:2.SR-p53:C1CCC(OC2CCC3CCCCC3C2)OC1:6.NR-ER-LBD:C1CCC(OC2CCC3CCCCC3C2)OC1:3.SR-HSE:C1CCC(OC2CCC3CCCCC3C2)OC1:0.NR-AR:C1CCC(OC2CCC3CCCCC3C2)OC1:1.NR-Aromatase:C1CCC(OC2CCC3CCCCC3C2)OC1:6.SR-ATAD5:C1CCC(OC2CCC3CCCCC3C2)OC1:1.NR-AR-LBD:C1CCC(OC2CCC3CCCCC3C2)OC1:5.NR-PPAR-gamma:C1CCC(OC2CCC3CCCCC3C2)OC1:1,23
SR-MMP:C1CC(C2CCCCC12)C3=CCOC3:12.SR-ARE:C1CC(C2CCCCC12)C3=CCOC3:0.NR-AhR:C1CC(C2CCCCC12)C3=CCOC3:0.NR-ER:C1CC(C2CCCCC12)C3=CCOC3:1.SR-p53:C1CC(C2CCCCC12)C3=CCOC3:6.NR-ER-LBD:C1CC(C2CCCCC12)C3=CCOC3:1.SR-HSE:C1CC(C2CCCCC12)C3=CCOC3:0.NR-AR:C1CC(C2CCCCC12)C3=CCOC3:0.NR-Aromatase:C1CC(C2CCCCC12)C3=CCOC3:6.SR-ATAD5:C1CC(C2CCCCC12)C3=CCOC3:0.NR-AR-LBD:C1CC(C2CCCCC12)C3=CCOC3:5.NR-PPAR-gamma:C1CC(C2CCCCC12)C3=CCOC3:1,16
SR-MMP:C1CC2CCC3C(CCC4=CCC=CC34)C2C1:11.SR-ARE:C1CC2CCC3C(CCC4=CCC=CC34)C2C1:7.NR-AhR:C1CC2CCC3C(CCC4=CCC=CC34)C2C1:2.NR-ER:C1CC2CCC3C(CCC4=CCC=CC34)C2C1:12.SR-p53:C1CC2CCC3C(CCC4=CCC=CC34)C2C1:0.NR-ER-LBD:C1CC2CCC3C(CCC4=CCC=CC34)C2C1:2.SR-HSE:C1CC2CCC3C(CCC4=CCC=CC34)C2C1:0.NR-AR:C1CC2CCC3C(CCC4=CCC=CC34)C2C1:69.NR-Aromatase:C1CC2CCC3C(CCC4=CCC=CC34)C2C1:1.SR-ATAD5:C1CC2CCC3C(CCC4=CCC=CC34)C2C1:0.NR-AR-LBD:C1CC2CCC3C(CCC4=CCC=CC34)C2C1:52.NR-PPAR-gamma:C1CC2CCC3C(CCC4=CCC=CC34)C2C1:0,107
SR-MMP:C1CCC(OC2CCC3C(CCC4CCCCC34)C2)OC1:12.SR-ARE:C1CCC(OC2CCC3C(CCC4CCCCC34)C2)OC1:0.NR-AhR:C1CCC(OC2CCC3C(CCC4CCCCC34)C2)OC1:0.NR-ER:C1CCC(OC2CCC3C(CCC4CCCCC34)C2)OC1:1.SR-p53:C1CCC(OC2CCC3C(CCC4CCCCC34)C2)OC1:6.NR-ER-LBD:C1CCC(OC2CCC3C(CCC4CCCCC34)C2)OC1:3.SR-HSE:C1CCC(OC2CCC3C(CCC4CCCCC34)C2)OC1:0.NR-AR:C1CCC(OC2CCC3C(CCC4CCCCC34)C2)OC1:0.NR-Aromatase:C1CCC(OC2CCC3C(CCC4CCCCC34)C2)OC1:6.SR-ATAD5:C1CCC(OC2CCC3C(CCC4CCCCC34)C2)OC1:1.NR-AR-LBD:C1CCC(OC2CCC3C(CCC4CCCCC34)C2)OC1:5.NR-PPAR-gamma:C1CCC(OC2CCC3C(CCC4CCCCC34)C2)OC1:1,18
SR-MMP:C(CC1CCC(CC1)C2CCCC2)OC3CCCCO3:12.SR-ARE:C(CC1CCC(CC1)C2CCCC2)OC3CCCCO3:0.NR-AhR:C(CC1CCC(CC1)C2CCCC2)OC3CCCCO3:0.NR-ER:C(CC1CCC(CC1)C2CCCC2)OC3CCCCO3:1.SR-p53:C(CC1CCC(CC1)C2CCCC2)OC3CCCCO3:6.NR-ER-LBD:C(CC1CCC(CC1)C2CCCC2)OC3CCCCO3:3.SR-HSE:C(CC1CCC(CC1)C2CCCC2)OC3CCCCO3:0.NR-AR:C(CC1CCC(CC1)C2CCCC2)OC3CCCCO3:0.NR-Aromatase:C(CC1CCC(CC1)C2CCCC2)OC3CCCCO3:6.SR-ATAD5:C(CC1CCC(CC1)C2CCCC2)OC3CCCCO3:1.NR-AR-LBD:C(CC1CCC(CC1)C2CCCC2)OC3CCCCO3:5.NR-PPAR-gamma:C(CC1CCC(CC1)C2CCCC2)OC3CCCCO3:1,18
SR-MMP:C(CC1CCC(CC1)OC2CCCCO2)C3CCCC3:13.SR-ARE:C(CC1CCC(CC1)OC2CCCCO2)C3CCCC3:0.NR-AhR:C(CC1CCC(CC1)OC2CCCCO2)C3CCCC3:0.NR-ER:C(CC1CCC(CC1)OC2CCCCO2)C3CCCC3:1.SR-p53:C(CC1CCC(CC1)OC2CCCCO2)C3CCCC3:6.NR-ER-LBD:C(CC1CCC(CC1)OC2CCCCO2)C3CCCC3:3.SR-HSE:C(CC1CCC(CC1)OC2CCCCO2)C3CCCC3:0.NR-AR:C(CC1CCC(CC1)OC2CCCCO2)C3CCCC3:0.NR-Aromatase:C(CC1CCC(CC1)OC2CCCCO2)C3CCCC3:6.SR-ATAD5:C(CC1CCC(CC1)OC2CCCCO2)C3CCCC3:1.NR-AR-LBD:C(CC1CCC(CC1)OC2CCCCO2)C3CCCC3:5.NR-PPAR-gamma:C(CC1CCC(CC1)OC2CCCCO2)C3CCCC3:1,21
